ID,code,name,num,time,order_type
ID1,13.01.05.035,TF03-100-CAN-无logo-SDJL(整箱包装),30,2023-10-7,YC(销售预测)
ID2,13.01.06.004,S2R继电器板,6,2023-10-8,YG(供应链预估)
ID3,13.01.06.004,S2R继电器板,2,2023-10-8,YG(供应链预估)
ID4,13.01.02.023,TF02-Pro标品(整箱包装)-V1.0,10,2023-10-8,YG(供应链预估)
ID5,13.01.02.024,TF02-Pro标品(单品包装)-V1.0,40,2023-10-8,YG(供应链预估)
ID6,13.01.02.035,TF02-i-485(单品包装)-V1.0,6,2023-10-8,YG(供应链预估)
ID7,13.01.02.036,TF02-i-CAN(单品包装)-V1.0,6,2023-10-8,YG(供应链预估)
ID8,13.01.02.038,TF02-Pro-W-485(单品包装)-V1.0,5,2023-10-8,YG(供应链预估)
ID9,13.01.04.035,TFmini-S-I²C(单品包装)-V1.0,10,2023-10-8,YG(供应链预估)
ID10,13.01.04.041,TFmini-S-V1.8.1(单品包装)-V1.0,132,2023-10-8,YG(供应链预估)
ID11,13.01.04.042,TFmini-S-V1.8.1(整箱包装)-V1.0,55,2023-10-8,YG(供应链预估)
ID12,13.01.05.005,TF03-UART(单品包装)-V1.1,34,2023-10-8,YG(供应链预估)
ID13,13.01.05.006,TF03-485(单品包装)-V1.1,15,2023-10-8,YG(供应链预估)
ID14,13.01.05.011,TF03-180 4~20mA（单品包装）-V1.0,2,2023-10-8,YG(供应链预估)
ID15,13.01.05.013,TF03-100 4~20mA（单品包装）-V1.0,3,2023-10-8,YG(供应链预估)
ID16,13.01.05.016,TF03-232(单品包装)-V1.0,3,2023-10-8,YG(供应链预估)
ID17,13.01.05.017,TF03-UART(整箱包装)-V1.1,2,2023-10-8,YG(供应链预估)
ID18,13.01.05.018,TF03-485(整箱包装)-V1.1,6,2023-10-8,YG(供应链预估)
ID19,13.01.07.001,TF-luna(标品/单品包装)-V1.0,388,2023-10-8,YG(供应链预估)
ID20,13.01.07.002,TF-luna(标品/整箱包装)-V1.0,154,2023-10-8,YG(供应链预估)
ID21,13.01.08.005,TFmini Plus-2400标品(单品包装)-V1.0,317,2023-10-8,YG(供应链预估)
ID22,13.01.08.006,TFmini Plus-2400标品(整箱包装)-V1.0,160,2023-10-8,YG(供应链预估)
ID23,13.01.08.007,TFmini Plus-2400-I²C(单品包装)-V1.0,15,2023-10-8,YG(供应链预估)
ID24,13.01.09.001,TF350-UART(单品包装)-V1.0,2,2023-10-8,YG(供应链预估)
ID25,13.01.09.002,TF350-485(单品包装)-V1.0,1,2023-10-8,YG(供应链预估)
ID26,13.01.09.003,TF350-232(单品包装)-V1.0,1,2023-10-8,YG(供应链预估)
ID27,13.01.02.023,TF02-Pro标品(整箱包装)-V1.0,14,2023-10-8,YG(供应链预估)
ID28,13.01.02.024,TF02-Pro标品(单品包装)-V1.0,32,2023-10-8,YG(供应链预估)
ID29,13.01.02.035,TF02-i-485(单品包装)-V1.0,3,2023-10-8,YG(供应链预估)
ID30,13.01.02.038,TF02-Pro-W-485(单品包装)-V1.0,1,2023-10-8,YG(供应链预估)
ID31,13.01.04.041,TFmini-S-V1.8.1(单品包装)-V1.0,75,2023-10-8,YG(供应链预估)
ID32,13.01.05.018,TF03-485(整箱包装)-V1.1,13,2023-10-8,YG(供应链预估)
ID33,13.01.07.001,TF-luna(标品/单品包装)-V1.0,75,2023-10-8,YG(供应链预估)
ID34,13.01.07.002,TF-luna(标品/整箱包装)-V1.0,108,2023-10-8,YG(供应链预估)
ID35,13.01.08.005,TFmini Plus-2400标品(单品包装)-V1.0,31,2023-10-8,YG(供应链预估)
ID36,13.01.08.007,TFmini Plus-2400-I²C(单品包装)-V1.0,10,2023-10-8,YG(供应链预估)
ID37,13.01.05.035,TF03-100-CAN-无logo-SDJL(整箱包装),30,2023-10-8,PR(客户提出付款意向)
ID38,13.01.07.002,TF-luna(标品/整箱包装)-V1.0,530,2023-10-9,PR(客户提出付款意向)
ID39,13.01.04.042,TFmini-S-V1.8.1(整箱包装)-V1.0,1500,2023-10-10,PO(客户已付款)
ID40,13.01.04.056,TFmini-i-CAN-2m散线-V1.1,62,2023-10-11,YC(销售预测)
ID41,13.01.02.023,TF02-Pro(标品整箱）V1.0,350,2023-10-12,PO(客户已付款)
ID42,DZ.01.02.023.ZM02 ,TF02-Pro标品(整箱包装)-V1.0-泽牧标品尾线定制,130,2023-10-12,PO(客户已付款)
ID43,13.01.07.002,TF-luna(标品/整箱包装)-V1.0,2500,2023-10-13,XD(意向询单)
ID44,13.01.02.024,TF02-Pro标品(单品包装)-V1.0,100,2023-10-13,XD(意向询单)
ID45,13.01.08.006,TFmini Plus-2400标品(整箱包装)-V1.0,150,2023-10-13,XD(意向询单)
ID46,13.01.07.002,TF-luna(标品/整箱包装)-V1.0,4000,2023-10-13,XD(意向询单)
ID47,13.01.04.051,TFmini-i-485(整箱) 2m散线,110,2023-10-13,PO(客户已付款)
ID48,13.01.05.017,TF03-UART(整箱包装)-V1.1,450,2023-10-13,PO(客户已付款)
ID49,13.01.02.036,TF02-i-CAN(单品包装)-V1.0,50,2023-10-13,PO(客户已付款)
ID50,13.01.02.039,TF02-Pro-Breezer,16,2023-10-13,PR(客户提出付款意向)
ID51,13.01.04.060,TFmini-S-LH (单品包装)-V1.0,110,2023-10-13,PO(客户已付款)
ID52,13.01.06.004,S2R继电器板,6,2023-10-14,YG(供应链预估)
ID53,13.01.06.004,S2R继电器板,2,2023-10-14,YG(供应链预估)
ID54,13.01.02.023,TF02-Pro标品(整箱包装)-V1.0,10,2023-10-14,YG(供应链预估)
ID55,13.01.02.024,TF02-Pro标品(单品包装)-V1.0,40,2023-10-14,YG(供应链预估)
ID56,13.01.02.035,TF02-i-485(单品包装)-V1.0,6,2023-10-14,YG(供应链预估)
ID57,13.01.02.036,TF02-i-CAN(单品包装)-V1.0,6,2023-10-14,YG(供应链预估)
ID58,13.01.02.038,TF02-Pro-W-485(单品包装)-V1.0,5,2023-10-14,YG(供应链预估)
ID59,13.01.04.035,TFmini-S-I²C(单品包装)-V1.0,10,2023-10-14,YG(供应链预估)
ID60,13.01.04.041,TFmini-S-V1.8.1(单品包装)-V1.0,132,2023-10-14,YG(供应链预估)
ID61,13.01.04.042,TFmini-S-V1.8.1(整箱包装)-V1.0,55,2023-10-14,YG(供应链预估)
ID62,13.01.05.005,TF03-UART(单品包装)-V1.1,34,2023-10-14,YG(供应链预估)
ID63,13.01.05.006,TF03-485(单品包装)-V1.1,15,2023-10-14,YG(供应链预估)
ID64,13.01.05.011,TF03-180 4~20mA（单品包装）-V1.0,2,2023-10-14,YG(供应链预估)
ID65,13.01.05.013,TF03-100 4~20mA（单品包装）-V1.0,3,2023-10-14,YG(供应链预估)
ID66,13.01.05.016,TF03-232(单品包装)-V1.0,3,2023-10-14,YG(供应链预估)
ID67,13.01.05.017,TF03-UART(整箱包装)-V1.1,2,2023-10-14,YG(供应链预估)
ID68,13.01.05.018,TF03-485(整箱包装)-V1.1,6,2023-10-14,YG(供应链预估)
ID69,13.01.07.001,TF-luna(标品/单品包装)-V1.0,388,2023-10-14,YG(供应链预估)
ID70,13.01.07.002,TF-luna(标品/整箱包装)-V1.0,154,2023-10-14,YG(供应链预估)
ID71,13.01.08.005,TFmini Plus-2400标品(单品包装)-V1.0,317,2023-10-14,YG(供应链预估)
ID72,13.01.08.006,TFmini Plus-2400标品(整箱包装)-V1.0,160,2023-10-14,YG(供应链预估)
ID73,13.01.08.007,TFmini Plus-2400-I²C(单品包装)-V1.0,15,2023-10-14,YG(供应链预估)
ID74,13.01.09.001,TF350-UART(单品包装)-V1.0,2,2023-10-14,YG(供应链预估)
ID75,13.01.09.002,TF350-485(单品包装)-V1.0,1,2023-10-14,YG(供应链预估)
ID76,13.01.09.003,TF350-232(单品包装)-V1.0,1,2023-10-14,YG(供应链预估)
ID77,13.01.02.023,TF02-Pro标品(整箱包装)-V1.0,14,2023-10-14,YG(供应链预估)
ID78,13.01.02.024,TF02-Pro标品(单品包装)-V1.0,32,2023-10-14,YG(供应链预估)
ID79,13.01.02.035,TF02-i-485(单品包装)-V1.0,3,2023-10-14,YG(供应链预估)
ID80,13.01.02.038,TF02-Pro-W-485(单品包装)-V1.0,1,2023-10-14,YG(供应链预估)
ID81,13.01.04.041,TFmini-S-V1.8.1(单品包装)-V1.0,75,2023-10-14,YG(供应链预估)
ID82,13.01.05.018,TF03-485(整箱包装)-V1.1,13,2023-10-14,YG(供应链预估)
ID83,13.01.07.001,TF-luna(标品/单品包装)-V1.0,75,2023-10-14,YG(供应链预估)
ID84,13.01.07.002,TF-luna(标品/整箱包装)-V1.0,108,2023-10-14,YG(供应链预估)
ID85,13.01.08.005,TFmini Plus-2400标品(单品包装)-V1.0,31,2023-10-14,YG(供应链预估)
ID86,13.01.08.007,TFmini Plus-2400-I²C(单品包装)-V1.0,10,2023-10-14,YG(供应链预估)
ID87,13.01.07.002,TF-luna(标品/整箱包装)-V1.0,1500,2023-10-15,YC(销售预测)
ID88,13.01.05.017,TF03-UART(整箱包装)-V1.1,400,2023-10-15,PO(客户已付款)
ID89,13.01.07.008,TF-Luna-ASU,1000,2023-10-15,PR(客户提出付款意向)
ID90,13.01.04.059,TFmini-S-LH (单品包装)-V1.0,400,2023-10-15,PO(客户已付款)
ID91,13.01.02.026,TF02-Pro-W(整箱包装)-V1.0,1000,2023-10-16,PO(客户已付款)
ID92,DZ.01.02.023.ZM,TF02-Pro标品(整箱包装)-V1.0-泽牧9mm尾线定制,250,2023-10-16,PO(客户已付款)
ID93,13.01.04.062,TFmini-S-K-(整箱包装)-V1.0,2300,2023-10-20,PO(客户已付款)
ID94,13.01.06.004,S2R继电器板,6,2023-10-21,YG(供应链预估)
ID95,13.01.06.004,S2R继电器板,2,2023-10-21,YG(供应链预估)
ID96,13.01.02.023,TF02-Pro标品(整箱包装)-V1.0,10,2023-10-21,YG(供应链预估)
ID97,13.01.02.024,TF02-Pro标品(单品包装)-V1.0,40,2023-10-21,YG(供应链预估)
ID98,13.01.02.035,TF02-i-485(单品包装)-V1.0,6,2023-10-21,YG(供应链预估)
ID99,13.01.02.036,TF02-i-CAN(单品包装)-V1.0,6,2023-10-21,YG(供应链预估)
ID100,13.01.02.038,TF02-Pro-W-485(单品包装)-V1.0,5,2023-10-21,YG(供应链预估)
ID101,13.01.04.035,TFmini-S-I²C(单品包装)-V1.0,10,2023-10-21,YG(供应链预估)
ID102,13.01.04.041,TFmini-S-V1.8.1(单品包装)-V1.0,132,2023-10-21,YG(供应链预估)
ID103,13.01.04.042,TFmini-S-V1.8.1(整箱包装)-V1.0,55,2023-10-21,YG(供应链预估)
ID104,13.01.05.005,TF03-UART(单品包装)-V1.1,34,2023-10-21,YG(供应链预估)
ID105,13.01.05.006,TF03-485(单品包装)-V1.1,15,2023-10-21,YG(供应链预估)
ID106,13.01.05.011,TF03-180 4~20mA（单品包装）-V1.0,2,2023-10-21,YG(供应链预估)
ID107,13.01.05.013,TF03-100 4~20mA（单品包装）-V1.0,3,2023-10-21,YG(供应链预估)
ID108,13.01.05.016,TF03-232(单品包装)-V1.0,3,2023-10-21,YG(供应链预估)
ID109,13.01.05.017,TF03-UART(整箱包装)-V1.1,2,2023-10-21,YG(供应链预估)
ID110,13.01.05.018,TF03-485(整箱包装)-V1.1,6,2023-10-21,YG(供应链预估)
ID111,13.01.07.001,TF-luna(标品/单品包装)-V1.0,388,2023-10-21,YG(供应链预估)
ID112,13.01.07.002,TF-luna(标品/整箱包装)-V1.0,154,2023-10-21,YG(供应链预估)
ID113,13.01.08.005,TFmini Plus-2400标品(单品包装)-V1.0,317,2023-10-21,YG(供应链预估)
ID114,13.01.08.006,TFmini Plus-2400标品(整箱包装)-V1.0,160,2023-10-21,YG(供应链预估)
ID115,13.01.08.007,TFmini Plus-2400-I²C(单品包装)-V1.0,15,2023-10-21,YG(供应链预估)
ID116,13.01.09.001,TF350-UART(单品包装)-V1.0,2,2023-10-21,YG(供应链预估)
ID117,13.01.09.002,TF350-485(单品包装)-V1.0,1,2023-10-21,YG(供应链预估)
ID118,13.01.09.003,TF350-232(单品包装)-V1.0,1,2023-10-21,YG(供应链预估)
ID119,13.01.02.023,TF02-Pro标品(整箱包装)-V1.0,14,2023-10-21,YG(供应链预估)
ID120,13.01.02.024,TF02-Pro标品(单品包装)-V1.0,32,2023-10-21,YG(供应链预估)
ID121,13.01.02.035,TF02-i-485(单品包装)-V1.0,3,2023-10-21,YG(供应链预估)
ID122,13.01.02.038,TF02-Pro-W-485(单品包装)-V1.0,1,2023-10-21,YG(供应链预估)
ID123,13.01.04.041,TFmini-S-V1.8.1(单品包装)-V1.0,75,2023-10-21,YG(供应链预估)
ID124,13.01.05.018,TF03-485(整箱包装)-V1.1,13,2023-10-21,YG(供应链预估)
ID125,13.01.07.001,TF-luna(标品/单品包装)-V1.0,75,2023-10-21,YG(供应链预估)
ID126,13.01.07.002,TF-luna(标品/整箱包装)-V1.0,108,2023-10-21,YG(供应链预估)
ID127,13.01.08.005,TFmini Plus-2400标品(单品包装)-V1.0,31,2023-10-21,YG(供应链预估)
ID128,13.01.08.007,TFmini Plus-2400-I²C(单品包装)-V1.0,10,2023-10-21,YG(供应链预估)
ID129,13.01.08.007,TFmini Plus-2400-I²C(单品包装)-V1.0,200,2023-10-23,PO(客户已付款)
ID130,13.01.07.008,TF-Luna-ASU,2000,2023-10-24,PO(客户已付款)
ID131,13.01.02.026,TF02-Pro-W（整箱包装)-V1.0,1150,2023-10-25,YC(销售预测)
ID132,13.01.07.008,TF-Luna-ASU,2000,2023-10-25,PO(客户已付款)
ID133,13.01.04.042,TFmini-S-V1.8.1(整箱包装)-V1.0,700,2023-10-25,PO(客户已付款)
ID134,13.01.05.017,TF03-UART(整箱包装)-V1.1,65,2023-10-26,YC(销售预测)
ID135,13.01.05.006,TF03-485(单品包装)-V1.1,100,2023-10-26,YC(销售预测)
ID136,13.01.05.006,TF03-485(单品包装)-V1.1,100,2023-10-27,YC(销售预测)
ID137,13.01.05.017,TF03-UART(整箱包装)-V1.1,65,2023-10-27,YC(销售预测)
ID138,13.01.02.039,TF02-Pro-Breezer,500,2023-10-28,YC(销售预测)
ID139,13.01.06.004,S2R继电器板,6,2023-10-28,YG(供应链预估)
ID140,13.01.06.004,S2R继电器板,2,2023-10-28,YG(供应链预估)
ID141,13.01.02.023,TF02-Pro标品(整箱包装)-V1.0,10,2023-10-28,YG(供应链预估)
ID142,13.01.02.024,TF02-Pro标品(单品包装)-V1.0,40,2023-10-28,YG(供应链预估)
ID143,13.01.02.035,TF02-i-485(单品包装)-V1.0,6,2023-10-28,YG(供应链预估)
ID144,13.01.02.036,TF02-i-CAN(单品包装)-V1.0,6,2023-10-28,YG(供应链预估)
ID145,13.01.02.038,TF02-Pro-W-485(单品包装)-V1.0,5,2023-10-28,YG(供应链预估)
ID146,13.01.04.035,TFmini-S-I²C(单品包装)-V1.0,10,2023-10-28,YG(供应链预估)
ID147,13.01.04.041,TFmini-S-V1.8.1(单品包装)-V1.0,132,2023-10-28,YG(供应链预估)
ID148,13.01.04.042,TFmini-S-V1.8.1(整箱包装)-V1.0,55,2023-10-28,YG(供应链预估)
ID149,13.01.05.005,TF03-UART(单品包装)-V1.1,34,2023-10-28,YG(供应链预估)
ID150,13.01.05.006,TF03-485(单品包装)-V1.1,15,2023-10-28,YG(供应链预估)
ID151,13.01.05.011,TF03-180 4~20mA（单品包装）-V1.0,2,2023-10-28,YG(供应链预估)
ID152,13.01.05.013,TF03-100 4~20mA（单品包装）-V1.0,3,2023-10-28,YG(供应链预估)
ID153,13.01.05.016,TF03-232(单品包装)-V1.0,3,2023-10-28,YG(供应链预估)
ID154,13.01.05.017,TF03-UART(整箱包装)-V1.1,2,2023-10-28,YG(供应链预估)
ID155,13.01.05.018,TF03-485(整箱包装)-V1.1,6,2023-10-28,YG(供应链预估)
ID156,13.01.07.001,TF-luna(标品/单品包装)-V1.0,388,2023-10-28,YG(供应链预估)
ID157,13.01.07.002,TF-luna(标品/整箱包装)-V1.0,154,2023-10-28,YG(供应链预估)
ID158,13.01.08.005,TFmini Plus-2400标品(单品包装)-V1.0,317,2023-10-28,YG(供应链预估)
ID159,13.01.08.006,TFmini Plus-2400标品(整箱包装)-V1.0,160,2023-10-28,YG(供应链预估)
ID160,13.01.08.007,TFmini Plus-2400-I²C(单品包装)-V1.0,15,2023-10-28,YG(供应链预估)
ID161,13.01.09.001,TF350-UART(单品包装)-V1.0,2,2023-10-28,YG(供应链预估)
ID162,13.01.09.002,TF350-485(单品包装)-V1.0,1,2023-10-28,YG(供应链预估)
ID163,13.01.09.003,TF350-232(单品包装)-V1.0,1,2023-10-28,YG(供应链预估)
ID164,13.01.02.023,TF02-Pro标品(整箱包装)-V1.0,14,2023-10-28,YG(供应链预估)
ID165,13.01.02.024,TF02-Pro标品(单品包装)-V1.0,32,2023-10-28,YG(供应链预估)
ID166,13.01.02.035,TF02-i-485(单品包装)-V1.0,3,2023-10-28,YG(供应链预估)
ID167,13.01.02.038,TF02-Pro-W-485(单品包装)-V1.0,1,2023-10-28,YG(供应链预估)
ID168,13.01.04.041,TFmini-S-V1.8.1(单品包装)-V1.0,75,2023-10-28,YG(供应链预估)
ID169,13.01.05.018,TF03-485(整箱包装)-V1.1,13,2023-10-28,YG(供应链预估)
ID170,13.01.07.001,TF-luna(标品/单品包装)-V1.0,75,2023-10-28,YG(供应链预估)
ID171,13.01.07.002,TF-luna(标品/整箱包装)-V1.0,108,2023-10-28,YG(供应链预估)
ID172,13.01.08.005,TFmini Plus-2400标品(单品包装)-V1.0,31,2023-10-28,YG(供应链预估)
ID173,13.01.08.007,TFmini Plus-2400-I²C(单品包装)-V1.0,10,2023-10-28,YG(供应链预估)
ID174,13.01.02.038,TF02-Pro-W-485(单品包装)-V1.0,30,2023-10-30,YC(销售预测)
ID175,13.01.06.004,S2R继电器板,30,2023-10-30,YC(销售预测)
ID176,13.01.08.006,TFmini Plus-2400标品(整箱包装)-V1.0,600,2023-10-30,YC(销售预测)
ID177,13.01.07.002,TF-luna(标品/整箱包装)-V1.0,500,2023-10-30,YC(销售预测)
ID178,13.01.05.017,TF03-UART(整箱包装)-V1.1,100,2023-10-30,YC(销售预测)
ID179,13.01.05.017,TF03-UART(整箱包装)-V1.1,50,2023-10-30,YC(销售预测)
ID180,13.01.05.017,TF03-UART(整箱包装)-V1.1,50,2023-10-30,YC(销售预测)
ID181,13.01.08.006,TFmini Plus(整箱包装）-2400标品,400,2023-10-30,YC(销售预测)
ID182,13.01.04.042,TFmini-S-V1.8.1(整箱包装）-V1.0,1500,2023-10-30,YC(销售预测)
ID183,13.01.07.002,TF-Luna(标品/整箱包装)-V1.0,500,2023-10-30,YC(销售预测)
ID184,13.01.05.017,TF03-UART(整箱包装)-V1.1,260,2023-10-30,YC(销售预测)
ID185,13.01.02.030,TF02-Pro-W-485(整箱包装)-V1.0,50,2023-10-30,YC(销售预测)
ID186,13.01.04.055,TFmini-i-CAN(整箱包装)-V1.0,100,2023-10-30,YC(销售预测)
ID187,13.01.08.006,TFmini Plus-2400标品(整箱包装)-V1.0,200,2023-10-31,YC(销售预测)
ID188,13.01.07.002,TF-luna(标品/整箱包装)-V1.0,1000,2023-10-31,YC(销售预测)
ID189,13.01.07.002,TF-luna(标品/整箱包装)-V1.0,1000,2023-10-31,YC(销售预测)
ID190,13.01.07.002,TF-luna(标品/整箱包装)-V1.0,500,2023-10-31,YC(销售预测)
ID191,13.01.05.013,TF03-100 4~20mA（单品包装）-V1.0,200,2023-10-31,YC(销售预测)
ID192,13.01.02.025,TF02-Pro-F(整箱包装)-V1.0,1500,2023-11-7,PO(客户已付款)
ID193,13.01.06.004,S2R继电器板,6,2023-11-7,YG(供应链预估)
ID194,13.01.06.004,S2R继电器板,2,2023-11-7,YG(供应链预估)
ID195,13.01.02.023,TF02-Pro标品(整箱包装)-V1.0,10,2023-11-7,YG(供应链预估)
ID196,13.01.02.024,TF02-Pro标品(单品包装)-V1.0,40,2023-11-7,YG(供应链预估)
ID197,13.01.02.035,TF02-i-485(单品包装)-V1.0,6,2023-11-7,YG(供应链预估)
ID198,13.01.02.036,TF02-i-CAN(单品包装)-V1.0,6,2023-11-7,YG(供应链预估)
ID199,13.01.02.038,TF02-Pro-W-485(单品包装)-V1.0,5,2023-11-7,YG(供应链预估)
ID200,13.01.04.035,TFmini-S-I²C(单品包装)-V1.0,10,2023-11-7,YG(供应链预估)
ID201,13.01.04.041,TFmini-S-V1.8.1(单品包装)-V1.0,132,2023-11-7,YG(供应链预估)
ID202,13.01.04.042,TFmini-S-V1.8.1(整箱包装)-V1.0,55,2023-11-7,YG(供应链预估)
ID203,13.01.05.005,TF03-UART(单品包装)-V1.1,34,2023-11-7,YG(供应链预估)
ID204,13.01.05.006,TF03-485(单品包装)-V1.1,15,2023-11-7,YG(供应链预估)
ID205,13.01.05.011,TF03-180 4~20mA（单品包装）-V1.0,2,2023-11-7,YG(供应链预估)
ID206,13.01.05.013,TF03-100 4~20mA（单品包装）-V1.0,3,2023-11-7,YG(供应链预估)
ID207,13.01.05.016,TF03-232(单品包装)-V1.0,3,2023-11-7,YG(供应链预估)
ID208,13.01.05.017,TF03-UART(整箱包装)-V1.1,2,2023-11-7,YG(供应链预估)
ID209,13.01.05.018,TF03-485(整箱包装)-V1.1,6,2023-11-7,YG(供应链预估)
ID210,13.01.07.001,TF-luna(标品/单品包装)-V1.0,388,2023-11-7,YG(供应链预估)
ID211,13.01.07.002,TF-luna(标品/整箱包装)-V1.0,154,2023-11-7,YG(供应链预估)
ID212,13.01.08.005,TFmini Plus-2400标品(单品包装)-V1.0,317,2023-11-7,YG(供应链预估)
ID213,13.01.08.006,TFmini Plus-2400标品(整箱包装)-V1.0,160,2023-11-7,YG(供应链预估)
ID214,13.01.08.007,TFmini Plus-2400-I²C(单品包装)-V1.0,15,2023-11-7,YG(供应链预估)
ID215,13.01.09.001,TF350-UART(单品包装)-V1.0,2,2023-11-7,YG(供应链预估)
ID216,13.01.09.002,TF350-485(单品包装)-V1.0,1,2023-11-7,YG(供应链预估)
ID217,13.01.09.003,TF350-232(单品包装)-V1.0,1,2023-11-7,YG(供应链预估)
ID218,13.01.02.023,TF02-Pro标品(整箱包装)-V1.0,14,2023-11-7,YG(供应链预估)
ID219,13.01.02.024,TF02-Pro标品(单品包装)-V1.0,32,2023-11-7,YG(供应链预估)
ID220,13.01.02.035,TF02-i-485(单品包装)-V1.0,3,2023-11-7,YG(供应链预估)
ID221,13.01.02.038,TF02-Pro-W-485(单品包装)-V1.0,1,2023-11-7,YG(供应链预估)
ID222,13.01.04.041,TFmini-S-V1.8.1(单品包装)-V1.0,75,2023-11-7,YG(供应链预估)
ID223,13.01.05.018,TF03-485(整箱包装)-V1.1,13,2023-11-7,YG(供应链预估)
ID224,13.01.07.001,TF-luna(标品/单品包装)-V1.0,75,2023-11-7,YG(供应链预估)
ID225,13.01.07.002,TF-luna(标品/整箱包装)-V1.0,108,2023-11-7,YG(供应链预估)
ID226,13.01.08.005,TFmini Plus-2400标品(单品包装)-V1.0,31,2023-11-7,YG(供应链预估)
ID227,13.01.08.007,TFmini Plus-2400-I²C(单品包装)-V1.0,10,2023-11-7,YG(供应链预估)
ID228,13.01.07.008,TF-Luna-ASU,1500,2023-11-9,PO(客户已付款)
ID229,13.01.02.023,TF02-Pro(标品整箱）V1.0,250,2023-11-9,YC(销售预测)
ID230,13.01.07.008,TF-Luna-ASU,1500,2023-11-10,PO(客户已付款)
ID231,13.01.02.023,TF02-Pro标品(整箱包装)-V1.0,500,2023-11-10,YC(销售预测)
ID232,13.01.07.008,TF-Luna-ASU,1000,2023-11-13,PR(客户提出付款意向)
ID233,13.01.06.004,S2R继电器板,6,2023-11-14,YG(供应链预估)
ID234,13.01.06.004,S2R继电器板,2,2023-11-14,YG(供应链预估)
ID235,13.01.02.023,TF02-Pro标品(整箱包装)-V1.0,10,2023-11-14,YG(供应链预估)
ID236,13.01.02.024,TF02-Pro标品(单品包装)-V1.0,40,2023-11-14,YG(供应链预估)
ID237,13.01.02.035,TF02-i-485(单品包装)-V1.0,6,2023-11-14,YG(供应链预估)
ID238,13.01.02.036,TF02-i-CAN(单品包装)-V1.0,6,2023-11-14,YG(供应链预估)
ID239,13.01.02.038,TF02-Pro-W-485(单品包装)-V1.0,5,2023-11-14,YG(供应链预估)
ID240,13.01.04.035,TFmini-S-I²C(单品包装)-V1.0,10,2023-11-14,YG(供应链预估)
ID241,13.01.04.041,TFmini-S-V1.8.1(单品包装)-V1.0,132,2023-11-14,YG(供应链预估)
ID242,13.01.04.042,TFmini-S-V1.8.1(整箱包装)-V1.0,55,2023-11-14,YG(供应链预估)
ID243,13.01.05.005,TF03-UART(单品包装)-V1.1,34,2023-11-14,YG(供应链预估)
ID244,13.01.05.006,TF03-485(单品包装)-V1.1,15,2023-11-14,YG(供应链预估)
ID245,13.01.05.011,TF03-180 4~20mA（单品包装）-V1.0,2,2023-11-14,YG(供应链预估)
ID246,13.01.05.013,TF03-100 4~20mA（单品包装）-V1.0,3,2023-11-14,YG(供应链预估)
ID247,13.01.05.016,TF03-232(单品包装)-V1.0,3,2023-11-14,YG(供应链预估)
ID248,13.01.05.017,TF03-UART(整箱包装)-V1.1,2,2023-11-14,YG(供应链预估)
ID249,13.01.05.018,TF03-485(整箱包装)-V1.1,6,2023-11-14,YG(供应链预估)
ID250,13.01.07.001,TF-luna(标品/单品包装)-V1.0,388,2023-11-14,YG(供应链预估)
ID251,13.01.07.002,TF-luna(标品/整箱包装)-V1.0,154,2023-11-14,YG(供应链预估)
ID252,13.01.08.005,TFmini Plus-2400标品(单品包装)-V1.0,317,2023-11-14,YG(供应链预估)
ID253,13.01.08.006,TFmini Plus-2400标品(整箱包装)-V1.0,160,2023-11-14,YG(供应链预估)
ID254,13.01.08.007,TFmini Plus-2400-I²C(单品包装)-V1.0,15,2023-11-14,YG(供应链预估)
ID255,13.01.09.001,TF350-UART(单品包装)-V1.0,2,2023-11-14,YG(供应链预估)
ID256,13.01.09.002,TF350-485(单品包装)-V1.0,1,2023-11-14,YG(供应链预估)
ID257,13.01.09.003,TF350-232(单品包装)-V1.0,1,2023-11-14,YG(供应链预估)
ID258,13.01.02.023,TF02-Pro标品(整箱包装)-V1.0,14,2023-11-14,YG(供应链预估)
ID259,13.01.02.024,TF02-Pro标品(单品包装)-V1.0,32,2023-11-14,YG(供应链预估)
ID260,13.01.02.035,TF02-i-485(单品包装)-V1.0,3,2023-11-14,YG(供应链预估)
ID261,13.01.02.038,TF02-Pro-W-485(单品包装)-V1.0,1,2023-11-14,YG(供应链预估)
ID262,13.01.04.041,TFmini-S-V1.8.1(单品包装)-V1.0,75,2023-11-14,YG(供应链预估)
ID263,13.01.05.018,TF03-485(整箱包装)-V1.1,13,2023-11-14,YG(供应链预估)
ID264,13.01.07.001,TF-luna(标品/单品包装)-V1.0,75,2023-11-14,YG(供应链预估)
ID265,13.01.07.002,TF-luna(标品/整箱包装)-V1.0,108,2023-11-14,YG(供应链预估)
ID266,13.01.08.005,TFmini Plus-2400标品(单品包装)-V1.0,31,2023-11-14,YG(供应链预估)
ID267,13.01.08.007,TFmini Plus-2400-I²C(单品包装)-V1.0,10,2023-11-14,YG(供应链预估)
ID268,13.01.05.017,TF03-UART(整箱包装)-V1.1,1500,2023-11-15,PO(客户已付款)
ID269,13.01.05.013,TF03-100 4~20mA（单品包装）-V1.0,50,2023-11-15,YC(销售预测)
ID270,13.01.05.013,TF03-100 4~20mA（单品包装）-V1.0,50,2023-11-16,YC(销售预测)
ID271,13.01.07.003,TF-Luna(LT/整箱包装)-V1.0,3680,2023-11-20,YC(销售预测)
ID272,13.01.06.004,S2R继电器板,6,2023-11-21,YG(供应链预估)
ID273,13.01.06.004,S2R继电器板,2,2023-11-21,YG(供应链预估)
ID274,13.01.02.023,TF02-Pro标品(整箱包装)-V1.0,10,2023-11-21,YG(供应链预估)
ID275,13.01.02.024,TF02-Pro标品(单品包装)-V1.0,40,2023-11-21,YG(供应链预估)
ID276,13.01.02.035,TF02-i-485(单品包装)-V1.0,6,2023-11-21,YG(供应链预估)
ID277,13.01.02.036,TF02-i-CAN(单品包装)-V1.0,6,2023-11-21,YG(供应链预估)
ID278,13.01.02.038,TF02-Pro-W-485(单品包装)-V1.0,5,2023-11-21,YG(供应链预估)
ID279,13.01.04.035,TFmini-S-I²C(单品包装)-V1.0,10,2023-11-21,YG(供应链预估)
ID280,13.01.04.041,TFmini-S-V1.8.1(单品包装)-V1.0,132,2023-11-21,YG(供应链预估)
ID281,13.01.04.042,TFmini-S-V1.8.1(整箱包装)-V1.0,55,2023-11-21,YG(供应链预估)
ID282,13.01.05.005,TF03-UART(单品包装)-V1.1,34,2023-11-21,YG(供应链预估)
ID283,13.01.05.006,TF03-485(单品包装)-V1.1,15,2023-11-21,YG(供应链预估)
ID284,13.01.05.011,TF03-180 4~20mA（单品包装）-V1.0,2,2023-11-21,YG(供应链预估)
ID285,13.01.05.013,TF03-100 4~20mA（单品包装）-V1.0,3,2023-11-21,YG(供应链预估)
ID286,13.01.05.016,TF03-232(单品包装)-V1.0,3,2023-11-21,YG(供应链预估)
ID287,13.01.05.017,TF03-UART(整箱包装)-V1.1,2,2023-11-21,YG(供应链预估)
ID288,13.01.05.018,TF03-485(整箱包装)-V1.1,6,2023-11-21,YG(供应链预估)
ID289,13.01.07.001,TF-luna(标品/单品包装)-V1.0,388,2023-11-21,YG(供应链预估)
ID290,13.01.07.002,TF-luna(标品/整箱包装)-V1.0,154,2023-11-21,YG(供应链预估)
ID291,13.01.08.005,TFmini Plus-2400标品(单品包装)-V1.0,317,2023-11-21,YG(供应链预估)
ID292,13.01.08.006,TFmini Plus-2400标品(整箱包装)-V1.0,160,2023-11-21,YG(供应链预估)
ID293,13.01.08.007,TFmini Plus-2400-I²C(单品包装)-V1.0,15,2023-11-21,YG(供应链预估)
ID294,13.01.09.001,TF350-UART(单品包装)-V1.0,2,2023-11-21,YG(供应链预估)
ID295,13.01.09.002,TF350-485(单品包装)-V1.0,1,2023-11-21,YG(供应链预估)
ID296,13.01.09.003,TF350-232(单品包装)-V1.0,1,2023-11-21,YG(供应链预估)
ID297,13.01.02.023,TF02-Pro标品(整箱包装)-V1.0,14,2023-11-21,YG(供应链预估)
ID298,13.01.02.024,TF02-Pro标品(单品包装)-V1.0,32,2023-11-21,YG(供应链预估)
ID299,13.01.02.035,TF02-i-485(单品包装)-V1.0,3,2023-11-21,YG(供应链预估)
ID300,13.01.02.038,TF02-Pro-W-485(单品包装)-V1.0,1,2023-11-21,YG(供应链预估)
ID301,13.01.04.041,TFmini-S-V1.8.1(单品包装)-V1.0,75,2023-11-21,YG(供应链预估)
ID302,13.01.05.018,TF03-485(整箱包装)-V1.1,13,2023-11-21,YG(供应链预估)
ID303,13.01.07.001,TF-luna(标品/单品包装)-V1.0,75,2023-11-21,YG(供应链预估)
ID304,13.01.07.002,TF-luna(标品/整箱包装)-V1.0,108,2023-11-21,YG(供应链预估)
ID305,13.01.08.005,TFmini Plus-2400标品(单品包装)-V1.0,31,2023-11-21,YG(供应链预估)
ID306,13.01.08.007,TFmini Plus-2400-I²C(单品包装)-V1.0,10,2023-11-21,YG(供应链预估)
ID307,13.01.07.008,TF-Luna-ASU,3000,2023-11-22,PR(客户提出付款意向)
ID308,13.01.08.006,TFmini Plus-2400标品(整箱包装)-V1.0,1000,2023-11-23,YC(销售预测)
ID309,13.01.06.004,S2R继电器板,6,2023-11-28,YG(供应链预估)
ID310,13.01.06.004,S2R继电器板,2,2023-11-28,YG(供应链预估)
ID311,13.01.02.023,TF02-Pro标品(整箱包装)-V1.0,10,2023-11-28,YG(供应链预估)
ID312,13.01.02.024,TF02-Pro标品(单品包装)-V1.0,40,2023-11-28,YG(供应链预估)
ID313,13.01.02.035,TF02-i-485(单品包装)-V1.0,6,2023-11-28,YG(供应链预估)
ID314,13.01.02.036,TF02-i-CAN(单品包装)-V1.0,6,2023-11-28,YG(供应链预估)
ID315,13.01.02.038,TF02-Pro-W-485(单品包装)-V1.0,5,2023-11-28,YG(供应链预估)
ID316,13.01.04.035,TFmini-S-I²C(单品包装)-V1.0,10,2023-11-28,YG(供应链预估)
ID317,13.01.04.041,TFmini-S-V1.8.1(单品包装)-V1.0,132,2023-11-28,YG(供应链预估)
ID318,13.01.04.042,TFmini-S-V1.8.1(整箱包装)-V1.0,55,2023-11-28,YG(供应链预估)
ID319,13.01.05.005,TF03-UART(单品包装)-V1.1,34,2023-11-28,YG(供应链预估)
ID320,13.01.05.006,TF03-485(单品包装)-V1.1,15,2023-11-28,YG(供应链预估)
ID321,13.01.05.011,TF03-180 4~20mA（单品包装）-V1.0,2,2023-11-28,YG(供应链预估)
ID322,13.01.05.013,TF03-100 4~20mA（单品包装）-V1.0,3,2023-11-28,YG(供应链预估)
ID323,13.01.05.016,TF03-232(单品包装)-V1.0,3,2023-11-28,YG(供应链预估)
ID324,13.01.05.017,TF03-UART(整箱包装)-V1.1,2,2023-11-28,YG(供应链预估)
ID325,13.01.05.018,TF03-485(整箱包装)-V1.1,6,2023-11-28,YG(供应链预估)
ID326,13.01.07.001,TF-luna(标品/单品包装)-V1.0,388,2023-11-28,YG(供应链预估)
ID327,13.01.07.002,TF-luna(标品/整箱包装)-V1.0,154,2023-11-28,YG(供应链预估)
ID328,13.01.08.005,TFmini Plus-2400标品(单品包装)-V1.0,317,2023-11-28,YG(供应链预估)
ID329,13.01.08.006,TFmini Plus-2400标品(整箱包装)-V1.0,160,2023-11-28,YG(供应链预估)
ID330,13.01.08.007,TFmini Plus-2400-I²C(单品包装)-V1.0,15,2023-11-28,YG(供应链预估)
ID331,13.01.09.001,TF350-UART(单品包装)-V1.0,2,2023-11-28,YG(供应链预估)
ID332,13.01.09.002,TF350-485(单品包装)-V1.0,1,2023-11-28,YG(供应链预估)
ID333,13.01.09.003,TF350-232(单品包装)-V1.0,1,2023-11-28,YG(供应链预估)
ID334,13.01.02.023,TF02-Pro标品(整箱包装)-V1.0,14,2023-11-28,YG(供应链预估)
ID335,13.01.02.024,TF02-Pro标品(单品包装)-V1.0,32,2023-11-28,YG(供应链预估)
ID336,13.01.02.035,TF02-i-485(单品包装)-V1.0,3,2023-11-28,YG(供应链预估)
ID337,13.01.02.038,TF02-Pro-W-485(单品包装)-V1.0,1,2023-11-28,YG(供应链预估)
ID338,13.01.04.041,TFmini-S-V1.8.1(单品包装)-V1.0,75,2023-11-28,YG(供应链预估)
ID339,13.01.05.018,TF03-485(整箱包装)-V1.1,13,2023-11-28,YG(供应链预估)
ID340,13.01.07.001,TF-luna(标品/单品包装)-V1.0,75,2023-11-28,YG(供应链预估)
ID341,13.01.07.002,TF-luna(标品/整箱包装)-V1.0,108,2023-11-28,YG(供应链预估)
ID342,13.01.08.005,TFmini Plus-2400标品(单品包装)-V1.0,31,2023-11-28,YG(供应链预估)
ID343,13.01.08.007,TFmini Plus-2400-I²C(单品包装)-V1.0,10,2023-11-28,YG(供应链预估)
ID344,13.01.02.038,TF02-Pro-W-485(单品包装)-V1.0,50,2023-11-30,YC(销售预测)
ID345,13.01.06.004,S2R继电器板,50,2023-11-30,YC(销售预测)
ID346,13.01.07.002,TF-luna(标品/整箱包装)-V1.0,1000,2023-11-30,YC(销售预测)
ID347,13.01.07.002,TF-luna(标品/整箱包装)-V1.0,1000,2023-11-30,YC(销售预测)
ID348,13.01.07.002,TF-luna(标品/整箱包装)-V1.0,1000,2023-11-30,YC(销售预测)
ID349,13.01.07.002,TF-luna(标品/整箱包装)-V1.0,1500,2023-11-30,YC(销售预测)
ID350,13.01.07.002,TF-luna(标品/整箱包装)-V1.0,500,2023-11-30,YC(销售预测)
ID351,13.01.02.024,TF02-Pro标品(整箱包装)-V1.0,400,2023-11-30,YC(销售预测)
ID352,DZ.01.05.017.Bordelaise,TF03-UART(整箱包装)-V1.1-Bordelaise-70mm尾线,40,2023-11-30,PR(客户提出付款意向)
ID353,13.01.08.006,TFmini Plus-2400标品(整箱包装)-V1.0,2000,2023-11-30,YC(销售预测)
ID354,13.01.05.035,TF03-100-CAN-无logo-SDJL(整箱包装),30,2023-11-30,YC(销售预测)
ID355,DZ.01.02.023.F,TF02-Pro标品(整箱包装)-V1.0-软件定制,3500,2023-12-7,PO(客户已付款)
ID356,13.01.06.004,S2R继电器板,6,2023-12-7,YG(供应链预估)
ID357,13.01.06.004,S2R继电器板,2,2023-12-7,YG(供应链预估)
ID358,13.01.02.023,TF02-Pro标品(整箱包装)-V1.0,10,2023-12-7,YG(供应链预估)
ID359,13.01.02.024,TF02-Pro标品(单品包装)-V1.0,40,2023-12-7,YG(供应链预估)
ID360,13.01.02.035,TF02-i-485(单品包装)-V1.0,6,2023-12-7,YG(供应链预估)
ID361,13.01.02.036,TF02-i-CAN(单品包装)-V1.0,6,2023-12-7,YG(供应链预估)
ID362,13.01.02.038,TF02-Pro-W-485(单品包装)-V1.0,5,2023-12-7,YG(供应链预估)
ID363,13.01.04.035,TFmini-S-I²C(单品包装)-V1.0,10,2023-12-7,YG(供应链预估)
ID364,13.01.04.041,TFmini-S-V1.8.1(单品包装)-V1.0,132,2023-12-7,YG(供应链预估)
ID365,13.01.04.042,TFmini-S-V1.8.1(整箱包装)-V1.0,55,2023-12-7,YG(供应链预估)
ID366,13.01.05.005,TF03-UART(单品包装)-V1.1,34,2023-12-7,YG(供应链预估)
ID367,13.01.05.006,TF03-485(单品包装)-V1.1,15,2023-12-7,YG(供应链预估)
ID368,13.01.05.011,TF03-180 4~20mA（单品包装）-V1.0,2,2023-12-7,YG(供应链预估)
ID369,13.01.05.013,TF03-100 4~20mA（单品包装）-V1.0,3,2023-12-7,YG(供应链预估)
ID370,13.01.05.016,TF03-232(单品包装)-V1.0,3,2023-12-7,YG(供应链预估)
ID371,13.01.05.017,TF03-UART(整箱包装)-V1.1,2,2023-12-7,YG(供应链预估)
ID372,13.01.05.018,TF03-485(整箱包装)-V1.1,6,2023-12-7,YG(供应链预估)
ID373,13.01.07.001,TF-luna(标品/单品包装)-V1.0,388,2023-12-7,YG(供应链预估)
ID374,13.01.07.002,TF-luna(标品/整箱包装)-V1.0,154,2023-12-7,YG(供应链预估)
ID375,13.01.08.005,TFmini Plus-2400标品(单品包装)-V1.0,317,2023-12-7,YG(供应链预估)
ID376,13.01.08.006,TFmini Plus-2400标品(整箱包装)-V1.0,160,2023-12-7,YG(供应链预估)
ID377,13.01.08.007,TFmini Plus-2400-I²C(单品包装)-V1.0,15,2023-12-7,YG(供应链预估)
ID378,13.01.09.001,TF350-UART(单品包装)-V1.0,2,2023-12-7,YG(供应链预估)
ID379,13.01.09.002,TF350-485(单品包装)-V1.0,1,2023-12-7,YG(供应链预估)
ID380,13.01.09.003,TF350-232(单品包装)-V1.0,1,2023-12-7,YG(供应链预估)
ID381,13.01.02.023,TF02-Pro标品(整箱包装)-V1.0,14,2023-12-7,YG(供应链预估)
ID382,13.01.02.024,TF02-Pro标品(单品包装)-V1.0,32,2023-12-7,YG(供应链预估)
ID383,13.01.02.035,TF02-i-485(单品包装)-V1.0,3,2023-12-7,YG(供应链预估)
ID384,13.01.02.038,TF02-Pro-W-485(单品包装)-V1.0,1,2023-12-7,YG(供应链预估)
ID385,13.01.04.041,TFmini-S-V1.8.1(单品包装)-V1.0,75,2023-12-7,YG(供应链预估)
ID386,13.01.05.018,TF03-485(整箱包装)-V1.1,13,2023-12-7,YG(供应链预估)
ID387,13.01.07.001,TF-luna(标品/单品包装)-V1.0,75,2023-12-7,YG(供应链预估)
ID388,13.01.07.002,TF-luna(标品/整箱包装)-V1.0,108,2023-12-7,YG(供应链预估)
ID389,13.01.08.005,TFmini Plus-2400标品(单品包装)-V1.0,31,2023-12-7,YG(供应链预估)
ID390,13.01.08.007,TFmini Plus-2400-I²C(单品包装)-V1.0,10,2023-12-7,YG(供应链预估)
ID391,13.01.07.008,TF-Luna-ASU,2000,2023-12-10,PR(客户提出付款意向)
ID392,13.01.06.004,S2R继电器板,6,2023-12-14,YG(供应链预估)
ID393,13.01.06.004,S2R继电器板,2,2023-12-14,YG(供应链预估)
ID394,13.01.02.023,TF02-Pro标品(整箱包装)-V1.0,10,2023-12-14,YG(供应链预估)
ID395,13.01.02.024,TF02-Pro标品(单品包装)-V1.0,40,2023-12-14,YG(供应链预估)
ID396,13.01.02.035,TF02-i-485(单品包装)-V1.0,6,2023-12-14,YG(供应链预估)
ID397,13.01.02.036,TF02-i-CAN(单品包装)-V1.0,6,2023-12-14,YG(供应链预估)
ID398,13.01.02.038,TF02-Pro-W-485(单品包装)-V1.0,5,2023-12-14,YG(供应链预估)
ID399,13.01.04.035,TFmini-S-I²C(单品包装)-V1.0,10,2023-12-14,YG(供应链预估)
ID400,13.01.04.041,TFmini-S-V1.8.1(单品包装)-V1.0,132,2023-12-14,YG(供应链预估)
ID401,13.01.04.042,TFmini-S-V1.8.1(整箱包装)-V1.0,55,2023-12-14,YG(供应链预估)
ID402,13.01.05.005,TF03-UART(单品包装)-V1.1,34,2023-12-14,YG(供应链预估)
ID403,13.01.05.006,TF03-485(单品包装)-V1.1,15,2023-12-14,YG(供应链预估)
ID404,13.01.05.011,TF03-180 4~20mA（单品包装）-V1.0,2,2023-12-14,YG(供应链预估)
ID405,13.01.05.013,TF03-100 4~20mA（单品包装）-V1.0,3,2023-12-14,YG(供应链预估)
ID406,13.01.05.016,TF03-232(单品包装)-V1.0,3,2023-12-14,YG(供应链预估)
ID407,13.01.05.017,TF03-UART(整箱包装)-V1.1,2,2023-12-14,YG(供应链预估)
ID408,13.01.05.018,TF03-485(整箱包装)-V1.1,6,2023-12-14,YG(供应链预估)
ID409,13.01.07.001,TF-luna(标品/单品包装)-V1.0,388,2023-12-14,YG(供应链预估)
ID410,13.01.07.002,TF-luna(标品/整箱包装)-V1.0,154,2023-12-14,YG(供应链预估)
ID411,13.01.08.005,TFmini Plus-2400标品(单品包装)-V1.0,317,2023-12-14,YG(供应链预估)
ID412,13.01.08.006,TFmini Plus-2400标品(整箱包装)-V1.0,160,2023-12-14,YG(供应链预估)
ID413,13.01.08.007,TFmini Plus-2400-I²C(单品包装)-V1.0,15,2023-12-14,YG(供应链预估)
ID414,13.01.09.001,TF350-UART(单品包装)-V1.0,2,2023-12-14,YG(供应链预估)
ID415,13.01.09.002,TF350-485(单品包装)-V1.0,1,2023-12-14,YG(供应链预估)
ID416,13.01.09.003,TF350-232(单品包装)-V1.0,1,2023-12-14,YG(供应链预估)
ID417,13.01.02.023,TF02-Pro标品(整箱包装)-V1.0,14,2023-12-14,YG(供应链预估)
ID418,13.01.02.024,TF02-Pro标品(单品包装)-V1.0,32,2023-12-14,YG(供应链预估)
ID419,13.01.02.035,TF02-i-485(单品包装)-V1.0,3,2023-12-14,YG(供应链预估)
ID420,13.01.02.038,TF02-Pro-W-485(单品包装)-V1.0,1,2023-12-14,YG(供应链预估)
ID421,13.01.04.041,TFmini-S-V1.8.1(单品包装)-V1.0,75,2023-12-14,YG(供应链预估)
ID422,13.01.05.018,TF03-485(整箱包装)-V1.1,13,2023-12-14,YG(供应链预估)
ID423,13.01.07.001,TF-luna(标品/单品包装)-V1.0,75,2023-12-14,YG(供应链预估)
ID424,13.01.07.002,TF-luna(标品/整箱包装)-V1.0,108,2023-12-14,YG(供应链预估)
ID425,13.01.08.005,TFmini Plus-2400标品(单品包装)-V1.0,31,2023-12-14,YG(供应链预估)
ID426,13.01.08.007,TFmini Plus-2400-I²C(单品包装)-V1.0,10,2023-12-14,YG(供应链预估)
ID427,13.01.07.002,TF-luna(标品/整箱包装)-V1.0,3200,2023-12-15,YC(销售预测)
ID428,13.01.07.005,LUNA-M,45,2023-12-15,YC(销售预测)
ID429,13.01.02.024,TF02-Pro标品(单品包装)-V1.0,47,2023-12-15,YC(销售预测)
ID430,13.01.02.023,TF02-Pro标品(整箱包装)-V1.0,121,2023-12-15,YC(销售预测)
ID431,13.01.02.035,TF02-i-485(单品包装)-V1.0,6,2023-12-15,YC(销售预测)
ID432,13.01.02.036,TF02-i-CAN(单品包装)-V1.0,17,2023-12-15,YC(销售预测)
ID433,13.01.02.038,TF02-Pro-W-485(单品包装)-V1.0,5,2023-12-15,YC(销售预测)
ID434,13.01.04.041,TFmini-S-V1.8.1(单品包装)-V1.0,196,2023-12-15,YC(销售预测)
ID435,13.01.04.042,TFmini-S-V1.8.1(整箱包装)-V1.0,420,2023-12-15,YC(销售预测)
ID436,13.01.04.048,TFmini-i-485(单品包装)-V1.0,3,2023-12-15,YC(销售预测)
ID437,13.01.05.005,TF03-UART(单品包装)-V1.1,51,2023-12-15,YC(销售预测)
ID438,13.01.05.017,TF03-UART(整箱包装)-V1.1,67,2023-12-15,YC(销售预测)
ID439,13.01.05.006,TF03-485(单品包装)-V1.1,5,2023-12-15,YC(销售预测)
ID440,13.01.05.016,TF03-232(单品包装)-V1.0,8,2023-12-15,YC(销售预测)
ID441,13.01.05.013,TF03-100 4~20mA（单品包装）-V1.0,10,2023-12-15,YC(销售预测)
ID442,13.01.06.004,S2R继电器板,36,2023-12-15,YC(销售预测)
ID443,13.01.07.002,TF-luna(标品/整箱包装)-V1.0,1478,2023-12-15,YC(销售预测)
ID444,13.01.07.001,TF-luna(标品/单品包装)-V1.0,478,2023-12-15,YC(销售预测)
ID445,13.01.08.006,TFmini Plus-2400标品(整箱包装)-V1.0,964,2023-12-15,YC(销售预测)
ID446,13.01.08.005,TFmini Plus-2400标品(单品包装)-V1.0,150,2023-12-15,YC(销售预测)
ID447,13.01.09.001,TF350-UART(单品包装)-V1.0,3,2023-12-15,YC(销售预测)
ID448,13.01.09.002,TF350-485(单品包装)-V1.0,10,2023-12-15,YC(销售预测)
ID449,13.01.06.004,S2R继电器板,6,2023-12-21,YG(供应链预估)
ID450,13.01.06.004,S2R继电器板,2,2023-12-21,YG(供应链预估)
ID451,13.01.02.023,TF02-Pro标品(整箱包装)-V1.0,10,2023-12-21,YG(供应链预估)
ID452,13.01.02.024,TF02-Pro标品(单品包装)-V1.0,40,2023-12-21,YG(供应链预估)
ID453,13.01.02.035,TF02-i-485(单品包装)-V1.0,6,2023-12-21,YG(供应链预估)
ID454,13.01.02.036,TF02-i-CAN(单品包装)-V1.0,6,2023-12-21,YG(供应链预估)
ID455,13.01.02.038,TF02-Pro-W-485(单品包装)-V1.0,5,2023-12-21,YG(供应链预估)
ID456,13.01.04.035,TFmini-S-I²C(单品包装)-V1.0,10,2023-12-21,YG(供应链预估)
ID457,13.01.04.041,TFmini-S-V1.8.1(单品包装)-V1.0,132,2023-12-21,YG(供应链预估)
ID458,13.01.04.042,TFmini-S-V1.8.1(整箱包装)-V1.0,55,2023-12-21,YG(供应链预估)
ID459,13.01.05.005,TF03-UART(单品包装)-V1.1,34,2023-12-21,YG(供应链预估)
ID460,13.01.05.006,TF03-485(单品包装)-V1.1,15,2023-12-21,YG(供应链预估)
ID461,13.01.05.011,TF03-180 4~20mA（单品包装）-V1.0,2,2023-12-21,YG(供应链预估)
ID462,13.01.05.013,TF03-100 4~20mA（单品包装）-V1.0,3,2023-12-21,YG(供应链预估)
ID463,13.01.05.016,TF03-232(单品包装)-V1.0,3,2023-12-21,YG(供应链预估)
ID464,13.01.05.017,TF03-UART(整箱包装)-V1.1,2,2023-12-21,YG(供应链预估)
ID465,13.01.05.018,TF03-485(整箱包装)-V1.1,6,2023-12-21,YG(供应链预估)
ID466,13.01.07.001,TF-luna(标品/单品包装)-V1.0,388,2023-12-21,YG(供应链预估)
ID467,13.01.07.002,TF-luna(标品/整箱包装)-V1.0,154,2023-12-21,YG(供应链预估)
ID468,13.01.08.005,TFmini Plus-2400标品(单品包装)-V1.0,317,2023-12-21,YG(供应链预估)
ID469,13.01.08.006,TFmini Plus-2400标品(整箱包装)-V1.0,160,2023-12-21,YG(供应链预估)
ID470,13.01.08.007,TFmini Plus-2400-I²C(单品包装)-V1.0,15,2023-12-21,YG(供应链预估)
ID471,13.01.09.001,TF350-UART(单品包装)-V1.0,2,2023-12-21,YG(供应链预估)
ID472,13.01.09.002,TF350-485(单品包装)-V1.0,1,2023-12-21,YG(供应链预估)
ID473,13.01.09.003,TF350-232(单品包装)-V1.0,1,2023-12-21,YG(供应链预估)
ID474,13.01.02.023,TF02-Pro标品(整箱包装)-V1.0,14,2023-12-21,YG(供应链预估)
ID475,13.01.02.024,TF02-Pro标品(单品包装)-V1.0,32,2023-12-21,YG(供应链预估)
ID476,13.01.02.035,TF02-i-485(单品包装)-V1.0,3,2023-12-21,YG(供应链预估)
ID477,13.01.02.038,TF02-Pro-W-485(单品包装)-V1.0,1,2023-12-21,YG(供应链预估)
ID478,13.01.04.041,TFmini-S-V1.8.1(单品包装)-V1.0,75,2023-12-21,YG(供应链预估)
ID479,13.01.05.018,TF03-485(整箱包装)-V1.1,13,2023-12-21,YG(供应链预估)
ID480,13.01.07.001,TF-luna(标品/单品包装)-V1.0,75,2023-12-21,YG(供应链预估)
ID481,13.01.07.002,TF-luna(标品/整箱包装)-V1.0,108,2023-12-21,YG(供应链预估)
ID482,13.01.08.005,TFmini Plus-2400标品(单品包装)-V1.0,31,2023-12-21,YG(供应链预估)
ID483,13.01.08.007,TFmini Plus-2400-I²C(单品包装)-V1.0,10,2023-12-21,YG(供应链预估)
ID484,13.01.08.007,TFmini Plus-2400-I²C(单品包装)-V1.0,200,2023-12-24,PO(客户已付款)
ID485,13.01.07.002,TF-luna(标品/整箱包装)-V1.0,2500,2023-12-25,PO(客户已付款)
ID486,13.01.06.004,S2R继电器板,6,2023-12-28,YG(供应链预估)
ID487,13.01.06.004,S2R继电器板,2,2023-12-28,YG(供应链预估)
ID488,13.01.02.023,TF02-Pro标品(整箱包装)-V1.0,10,2023-12-28,YG(供应链预估)
ID489,13.01.02.024,TF02-Pro标品(单品包装)-V1.0,40,2023-12-28,YG(供应链预估)
ID490,13.01.02.035,TF02-i-485(单品包装)-V1.0,6,2023-12-28,YG(供应链预估)
ID491,13.01.02.036,TF02-i-CAN(单品包装)-V1.0,6,2023-12-28,YG(供应链预估)
ID492,13.01.02.038,TF02-Pro-W-485(单品包装)-V1.0,5,2023-12-28,YG(供应链预估)
ID493,13.01.04.035,TFmini-S-I²C(单品包装)-V1.0,10,2023-12-28,YG(供应链预估)
ID494,13.01.04.041,TFmini-S-V1.8.1(单品包装)-V1.0,132,2023-12-28,YG(供应链预估)
ID495,13.01.04.042,TFmini-S-V1.8.1(整箱包装)-V1.0,55,2023-12-28,YG(供应链预估)
ID496,13.01.05.005,TF03-UART(单品包装)-V1.1,34,2023-12-28,YG(供应链预估)
ID497,13.01.05.006,TF03-485(单品包装)-V1.1,15,2023-12-28,YG(供应链预估)
ID498,13.01.05.011,TF03-180 4~20mA（单品包装）-V1.0,2,2023-12-28,YG(供应链预估)
ID499,13.01.05.013,TF03-100 4~20mA（单品包装）-V1.0,3,2023-12-28,YG(供应链预估)
ID500,13.01.05.016,TF03-232(单品包装)-V1.0,3,2023-12-28,YG(供应链预估)
ID501,13.01.05.017,TF03-UART(整箱包装)-V1.1,2,2023-12-28,YG(供应链预估)
ID502,13.01.05.018,TF03-485(整箱包装)-V1.1,6,2023-12-28,YG(供应链预估)
ID503,13.01.07.001,TF-luna(标品/单品包装)-V1.0,388,2023-12-28,YG(供应链预估)
ID504,13.01.07.002,TF-luna(标品/整箱包装)-V1.0,154,2023-12-28,YG(供应链预估)
ID505,13.01.08.005,TFmini Plus-2400标品(单品包装)-V1.0,317,2023-12-28,YG(供应链预估)
ID506,13.01.08.006,TFmini Plus-2400标品(整箱包装)-V1.0,160,2023-12-28,YG(供应链预估)
ID507,13.01.08.007,TFmini Plus-2400-I²C(单品包装)-V1.0,15,2023-12-28,YG(供应链预估)
ID508,13.01.09.001,TF350-UART(单品包装)-V1.0,2,2023-12-28,YG(供应链预估)
ID509,13.01.09.002,TF350-485(单品包装)-V1.0,1,2023-12-28,YG(供应链预估)
ID510,13.01.09.003,TF350-232(单品包装)-V1.0,1,2023-12-28,YG(供应链预估)
ID511,13.01.02.023,TF02-Pro标品(整箱包装)-V1.0,14,2023-12-28,YG(供应链预估)
ID512,13.01.02.024,TF02-Pro标品(单品包装)-V1.0,32,2023-12-28,YG(供应链预估)
ID513,13.01.02.035,TF02-i-485(单品包装)-V1.0,3,2023-12-28,YG(供应链预估)
ID514,13.01.02.038,TF02-Pro-W-485(单品包装)-V1.0,1,2023-12-28,YG(供应链预估)
ID515,13.01.04.041,TFmini-S-V1.8.1(单品包装)-V1.0,75,2023-12-28,YG(供应链预估)
ID516,13.01.05.018,TF03-485(整箱包装)-V1.1,13,2023-12-28,YG(供应链预估)
ID517,13.01.07.001,TF-luna(标品/单品包装)-V1.0,75,2023-12-28,YG(供应链预估)
ID518,13.01.07.002,TF-luna(标品/整箱包装)-V1.0,108,2023-12-28,YG(供应链预估)
ID519,13.01.08.005,TFmini Plus-2400标品(单品包装)-V1.0,31,2023-12-28,YG(供应链预估)
ID520,13.01.08.007,TFmini Plus-2400-I²C(单品包装)-V1.0,10,2023-12-28,YG(供应链预估)
ID521,13.01.06.004,S2R继电器板,6,2024-1-7,YG(供应链预估)
ID522,13.01.06.004,S2R继电器板,2,2024-1-7,YG(供应链预估)
ID523,13.01.02.023,TF02-Pro标品(整箱包装)-V1.0,10,2024-1-7,YG(供应链预估)
ID524,13.01.02.024,TF02-Pro标品(单品包装)-V1.0,40,2024-1-7,YG(供应链预估)
ID525,13.01.02.035,TF02-i-485(单品包装)-V1.0,6,2024-1-7,YG(供应链预估)
ID526,13.01.02.036,TF02-i-CAN(单品包装)-V1.0,6,2024-1-7,YG(供应链预估)
ID527,13.01.02.038,TF02-Pro-W-485(单品包装)-V1.0,5,2024-1-7,YG(供应链预估)
ID528,13.01.04.035,TFmini-S-I²C(单品包装)-V1.0,10,2024-1-7,YG(供应链预估)
ID529,13.01.04.041,TFmini-S-V1.8.1(单品包装)-V1.0,132,2024-1-7,YG(供应链预估)
ID530,13.01.04.042,TFmini-S-V1.8.1(整箱包装)-V1.0,55,2024-1-7,YG(供应链预估)
ID531,13.01.04.046,TFmini-i-485(整箱包装)-V1.0,7,2024-1-7,YG(供应链预估)
ID532,13.01.04.055,TFmini-i-CAN(整箱包装)-V1.0,16,2024-1-7,YG(供应链预估)
ID533,13.01.04.051,TFmini-i-485(整箱) 2m散线,20,2024-1-7,YG(供应链预估)
ID534,13.01.04.054,TFmini-i-CAN(单品包装)-V1.1,5,2024-1-7,YG(供应链预估)
ID535,13.01.04.056,TFmini-i-CAN-2m散线-V1.1,23,2024-1-7,YG(供应链预估)
ID536,13.01.05.005,TF03-UART(单品包装)-V1.1,34,2024-1-7,YG(供应链预估)
ID537,13.01.05.006,TF03-485(单品包装)-V1.1,15,2024-1-7,YG(供应链预估)
ID538,13.01.05.011,TF03-180 4~20mA（单品包装）-V1.0,2,2024-1-7,YG(供应链预估)
ID539,13.01.05.013,TF03-100 4~20mA（单品包装）-V1.0,3,2024-1-7,YG(供应链预估)
ID540,13.01.05.016,TF03-232(单品包装)-V1.0,3,2024-1-7,YG(供应链预估)
ID541,13.01.05.017,TF03-UART(整箱包装)-V1.1,2,2024-1-7,YG(供应链预估)
ID542,13.01.05.018,TF03-485(整箱包装)-V1.1,6,2024-1-7,YG(供应链预估)
ID543,13.01.07.001,TF-luna(标品/单品包装)-V1.0,388,2024-1-7,YG(供应链预估)
ID544,13.01.07.002,TF-luna(标品/整箱包装)-V1.0,154,2024-1-7,YG(供应链预估)
ID545,13.01.08.005,TFmini Plus-2400标品(单品包装)-V1.0,317,2024-1-7,YG(供应链预估)
ID546,13.01.08.006,TFmini Plus-2400标品(整箱包装)-V1.0,160,2024-1-7,YG(供应链预估)
ID547,13.01.08.007,TFmini Plus-2400-I²C(单品包装)-V1.0,15,2024-1-7,YG(供应链预估)
ID548,13.01.09.001,TF350-UART(单品包装)-V1.0,2,2024-1-7,YG(供应链预估)
ID549,13.01.09.002,TF350-485(单品包装)-V1.0,1,2024-1-7,YG(供应链预估)
ID550,13.01.09.003,TF350-232(单品包装)-V1.0,1,2024-1-7,YG(供应链预估)
ID551,13.01.02.023,TF02-Pro标品(整箱包装)-V1.0,14,2024-1-7,YG(供应链预估)
ID552,13.01.02.024,TF02-Pro标品(单品包装)-V1.0,32,2024-1-7,YG(供应链预估)
ID553,13.01.02.035,TF02-i-485(单品包装)-V1.0,3,2024-1-7,YG(供应链预估)
ID554,13.01.02.038,TF02-Pro-W-485(单品包装)-V1.0,1,2024-1-7,YG(供应链预估)
ID555,13.01.04.041,TFmini-S-V1.8.1(单品包装)-V1.0,75,2024-1-7,YG(供应链预估)
ID556,13.01.05.018,TF03-485(整箱包装)-V1.1,13,2024-1-7,YG(供应链预估)
ID557,13.01.07.001,TF-luna(标品/单品包装)-V1.0,75,2024-1-7,YG(供应链预估)
ID558,13.01.07.002,TF-luna(标品/整箱包装)-V1.0,108,2024-1-7,YG(供应链预估)
ID559,13.01.08.005,TFmini Plus-2400标品(单品包装)-V1.0,31,2024-1-7,YG(供应链预估)
ID560,13.01.08.007,TFmini Plus-2400-I²C(单品包装)-V1.0,10,2024-1-7,YG(供应链预估)
ID561,13.01.06.004,S2R继电器板,6,2024-1-14,YG(供应链预估)
ID562,13.01.06.004,S2R继电器板,2,2024-1-14,YG(供应链预估)
ID563,13.01.02.023,TF02-Pro标品(整箱包装)-V1.0,10,2024-1-14,YG(供应链预估)
ID564,13.01.02.024,TF02-Pro标品(单品包装)-V1.0,40,2024-1-14,YG(供应链预估)
ID565,13.01.02.035,TF02-i-485(单品包装)-V1.0,6,2024-1-14,YG(供应链预估)
ID566,13.01.02.036,TF02-i-CAN(单品包装)-V1.0,6,2024-1-14,YG(供应链预估)
ID567,13.01.02.038,TF02-Pro-W-485(单品包装)-V1.0,5,2024-1-14,YG(供应链预估)
ID568,13.01.04.035,TFmini-S-I²C(单品包装)-V1.0,10,2024-1-14,YG(供应链预估)
ID569,13.01.04.041,TFmini-S-V1.8.1(单品包装)-V1.0,132,2024-1-14,YG(供应链预估)
ID570,13.01.04.042,TFmini-S-V1.8.1(整箱包装)-V1.0,55,2024-1-14,YG(供应链预估)
ID571,13.01.04.046,TFmini-i-485(整箱包装)-V1.0,7,2024-1-14,YG(供应链预估)
ID572,13.01.04.055,TFmini-i-CAN(整箱包装)-V1.0,16,2024-1-14,YG(供应链预估)
ID573,13.01.04.051,TFmini-i-485(整箱) 2m散线,20,2024-1-14,YG(供应链预估)
ID574,13.01.04.054,TFmini-i-CAN(单品包装)-V1.1,5,2024-1-14,YG(供应链预估)
ID575,13.01.04.056,TFmini-i-CAN-2m散线-V1.1,23,2024-1-14,YG(供应链预估)
ID576,13.01.05.005,TF03-UART(单品包装)-V1.1,34,2024-1-14,YG(供应链预估)
ID577,13.01.05.006,TF03-485(单品包装)-V1.1,15,2024-1-14,YG(供应链预估)
ID578,13.01.05.011,TF03-180 4~20mA（单品包装）-V1.0,2,2024-1-14,YG(供应链预估)
ID579,13.01.05.013,TF03-100 4~20mA（单品包装）-V1.0,3,2024-1-14,YG(供应链预估)
ID580,13.01.05.016,TF03-232(单品包装)-V1.0,3,2024-1-14,YG(供应链预估)
ID581,13.01.05.017,TF03-UART(整箱包装)-V1.1,2,2024-1-14,YG(供应链预估)
ID582,13.01.05.018,TF03-485(整箱包装)-V1.1,6,2024-1-14,YG(供应链预估)
ID583,13.01.07.001,TF-luna(标品/单品包装)-V1.0,388,2024-1-14,YG(供应链预估)
ID584,13.01.07.002,TF-luna(标品/整箱包装)-V1.0,154,2024-1-14,YG(供应链预估)
ID585,13.01.08.005,TFmini Plus-2400标品(单品包装)-V1.0,317,2024-1-14,YG(供应链预估)
ID586,13.01.08.006,TFmini Plus-2400标品(整箱包装)-V1.0,160,2024-1-14,YG(供应链预估)
ID587,13.01.08.007,TFmini Plus-2400-I²C(单品包装)-V1.0,15,2024-1-14,YG(供应链预估)
ID588,13.01.09.001,TF350-UART(单品包装)-V1.0,2,2024-1-14,YG(供应链预估)
ID589,13.01.09.002,TF350-485(单品包装)-V1.0,1,2024-1-14,YG(供应链预估)
ID590,13.01.09.003,TF350-232(单品包装)-V1.0,1,2024-1-14,YG(供应链预估)
ID591,13.01.02.023,TF02-Pro标品(整箱包装)-V1.0,14,2024-1-14,YG(供应链预估)
ID592,13.01.02.024,TF02-Pro标品(单品包装)-V1.0,32,2024-1-14,YG(供应链预估)
ID593,13.01.02.035,TF02-i-485(单品包装)-V1.0,3,2024-1-14,YG(供应链预估)
ID594,13.01.02.038,TF02-Pro-W-485(单品包装)-V1.0,1,2024-1-14,YG(供应链预估)
ID595,13.01.04.041,TFmini-S-V1.8.1(单品包装)-V1.0,75,2024-1-14,YG(供应链预估)
ID596,13.01.05.018,TF03-485(整箱包装)-V1.1,13,2024-1-14,YG(供应链预估)
ID597,13.01.07.001,TF-luna(标品/单品包装)-V1.0,75,2024-1-14,YG(供应链预估)
ID598,13.01.07.002,TF-luna(标品/整箱包装)-V1.0,108,2024-1-14,YG(供应链预估)
ID599,13.01.08.005,TFmini Plus-2400标品(单品包装)-V1.0,31,2024-1-14,YG(供应链预估)
ID600,13.01.08.007,TFmini Plus-2400-I²C(单品包装)-V1.0,10,2024-1-14,YG(供应链预估)
ID601,13.01.07.005,LUNA-M,45,2024-1-15,YC(销售预测)
ID602,13.01.02.024,TF02-Pro标品(单品包装)-V1.0,47,2024-1-15,YC(销售预测)
ID603,13.01.02.023,TF02-Pro标品(整箱包装)-V1.0,121,2024-1-15,YC(销售预测)
ID604,13.01.02.035,TF02-i-485(单品包装)-V1.0,6,2024-1-15,YC(销售预测)
ID605,13.01.02.036,TF02-i-CAN(单品包装)-V1.0,17,2024-1-15,YC(销售预测)
ID606,13.01.02.038,TF02-Pro-W-485(单品包装)-V1.0,5,2024-1-15,YC(销售预测)
ID607,13.01.04.041,TFmini-S-V1.8.1(单品包装)-V1.0,196,2024-1-15,YC(销售预测)
ID608,13.01.04.042,TFmini-S-V1.8.1(整箱包装)-V1.0,420,2024-1-15,YC(销售预测)
ID609,13.01.04.048,TFmini-i-485(单品包装)-V1.0,3,2024-1-15,YC(销售预测)
ID610,13.01.05.005,TF03-UART(单品包装)-V1.1,51,2024-1-15,YC(销售预测)
ID611,13.01.05.017,TF03-UART(整箱包装)-V1.1,67,2024-1-15,YC(销售预测)
ID612,13.01.05.006,TF03-485(单品包装)-V1.1,5,2024-1-15,YC(销售预测)
ID613,13.01.05.016,TF03-232(单品包装)-V1.0,8,2024-1-15,YC(销售预测)
ID614,13.01.05.013,TF03-100 4~20mA（单品包装）-V1.0,10,2024-1-15,YC(销售预测)
ID615,13.01.06.004,S2R继电器板,36,2024-1-15,YC(销售预测)
ID616,13.01.07.002,TF-luna(标品/整箱包装)-V1.0,1478,2024-1-15,YC(销售预测)
ID617,13.01.07.001,TF-luna(标品/单品包装)-V1.0,478,2024-1-15,YC(销售预测)
ID618,13.01.08.006,TFmini Plus-2400标品(整箱包装)-V1.0,964,2024-1-15,YC(销售预测)
ID619,13.01.08.005,TFmini Plus-2400标品(单品包装)-V1.0,150,2024-1-15,YC(销售预测)
ID620,13.01.09.001,TF350-UART(单品包装)-V1.0,3,2024-1-15,YC(销售预测)
ID621,13.01.09.002,TF350-485(单品包装)-V1.0,10,2024-1-15,YC(销售预测)
ID622,13.01.06.004,S2R继电器板,6,2024-1-21,YG(供应链预估)
ID623,13.01.06.004,S2R继电器板,2,2024-1-21,YG(供应链预估)
ID624,13.01.02.023,TF02-Pro标品(整箱包装)-V1.0,10,2024-1-21,YG(供应链预估)
ID625,13.01.02.024,TF02-Pro标品(单品包装)-V1.0,40,2024-1-21,YG(供应链预估)
ID626,13.01.02.035,TF02-i-485(单品包装)-V1.0,6,2024-1-21,YG(供应链预估)
ID627,13.01.02.036,TF02-i-CAN(单品包装)-V1.0,6,2024-1-21,YG(供应链预估)
ID628,13.01.02.038,TF02-Pro-W-485(单品包装)-V1.0,5,2024-1-21,YG(供应链预估)
ID629,13.01.04.035,TFmini-S-I²C(单品包装)-V1.0,10,2024-1-21,YG(供应链预估)
ID630,13.01.04.041,TFmini-S-V1.8.1(单品包装)-V1.0,132,2024-1-21,YG(供应链预估)
ID631,13.01.04.042,TFmini-S-V1.8.1(整箱包装)-V1.0,55,2024-1-21,YG(供应链预估)
ID632,13.01.04.046,TFmini-i-485(整箱包装)-V1.0,7,2024-1-21,YG(供应链预估)
ID633,13.01.04.055,TFmini-i-CAN(整箱包装)-V1.0,16,2024-1-21,YG(供应链预估)
ID634,13.01.04.051,TFmini-i-485(整箱) 2m散线,20,2024-1-21,YG(供应链预估)
ID635,13.01.04.054,TFmini-i-CAN(单品包装)-V1.1,5,2024-1-21,YG(供应链预估)
ID636,13.01.04.056,TFmini-i-CAN-2m散线-V1.1,23,2024-1-21,YG(供应链预估)
ID637,13.01.05.005,TF03-UART(单品包装)-V1.1,34,2024-1-21,YG(供应链预估)
ID638,13.01.05.006,TF03-485(单品包装)-V1.1,15,2024-1-21,YG(供应链预估)
ID639,13.01.05.011,TF03-180 4~20mA（单品包装）-V1.0,2,2024-1-21,YG(供应链预估)
ID640,13.01.05.013,TF03-100 4~20mA（单品包装）-V1.0,3,2024-1-21,YG(供应链预估)
ID641,13.01.05.016,TF03-232(单品包装)-V1.0,3,2024-1-21,YG(供应链预估)
ID642,13.01.05.017,TF03-UART(整箱包装)-V1.1,2,2024-1-21,YG(供应链预估)
ID643,13.01.05.018,TF03-485(整箱包装)-V1.1,6,2024-1-21,YG(供应链预估)
ID644,13.01.07.001,TF-luna(标品/单品包装)-V1.0,388,2024-1-21,YG(供应链预估)
ID645,13.01.07.002,TF-luna(标品/整箱包装)-V1.0,154,2024-1-21,YG(供应链预估)
ID646,13.01.08.005,TFmini Plus-2400标品(单品包装)-V1.0,317,2024-1-21,YG(供应链预估)
ID647,13.01.08.006,TFmini Plus-2400标品(整箱包装)-V1.0,160,2024-1-21,YG(供应链预估)
ID648,13.01.08.007,TFmini Plus-2400-I²C(单品包装)-V1.0,15,2024-1-21,YG(供应链预估)
ID649,13.01.09.001,TF350-UART(单品包装)-V1.0,2,2024-1-21,YG(供应链预估)
ID650,13.01.09.002,TF350-485(单品包装)-V1.0,1,2024-1-21,YG(供应链预估)
ID651,13.01.09.003,TF350-232(单品包装)-V1.0,1,2024-1-21,YG(供应链预估)
ID652,13.01.02.023,TF02-Pro标品(整箱包装)-V1.0,14,2024-1-21,YG(供应链预估)
ID653,13.01.02.024,TF02-Pro标品(单品包装)-V1.0,32,2024-1-21,YG(供应链预估)
ID654,13.01.02.035,TF02-i-485(单品包装)-V1.0,3,2024-1-21,YG(供应链预估)
ID655,13.01.02.038,TF02-Pro-W-485(单品包装)-V1.0,1,2024-1-21,YG(供应链预估)
ID656,13.01.04.041,TFmini-S-V1.8.1(单品包装)-V1.0,75,2024-1-21,YG(供应链预估)
ID657,13.01.05.018,TF03-485(整箱包装)-V1.1,13,2024-1-21,YG(供应链预估)
ID658,13.01.07.001,TF-luna(标品/单品包装)-V1.0,75,2024-1-21,YG(供应链预估)
ID659,13.01.07.002,TF-luna(标品/整箱包装)-V1.0,108,2024-1-21,YG(供应链预估)
ID660,13.01.08.005,TFmini Plus-2400标品(单品包装)-V1.0,31,2024-1-21,YG(供应链预估)
ID661,13.01.08.007,TFmini Plus-2400-I²C(单品包装)-V1.0,10,2024-1-21,YG(供应链预估)
ID662,13.01.06.004,S2R继电器板,6,2024-1-28,YG(供应链预估)
ID663,13.01.06.004,S2R继电器板,2,2024-1-28,YG(供应链预估)
ID664,13.01.02.023,TF02-Pro标品(整箱包装)-V1.0,10,2024-1-28,YG(供应链预估)
ID665,13.01.02.024,TF02-Pro标品(单品包装)-V1.0,40,2024-1-28,YG(供应链预估)
ID666,13.01.02.035,TF02-i-485(单品包装)-V1.0,6,2024-1-28,YG(供应链预估)
ID667,13.01.02.036,TF02-i-CAN(单品包装)-V1.0,6,2024-1-28,YG(供应链预估)
ID668,13.01.02.038,TF02-Pro-W-485(单品包装)-V1.0,5,2024-1-28,YG(供应链预估)
ID669,13.01.04.035,TFmini-S-I²C(单品包装)-V1.0,10,2024-1-28,YG(供应链预估)
ID670,13.01.04.041,TFmini-S-V1.8.1(单品包装)-V1.0,132,2024-1-28,YG(供应链预估)
ID671,13.01.04.042,TFmini-S-V1.8.1(整箱包装)-V1.0,55,2024-1-28,YG(供应链预估)
ID672,13.01.04.046,TFmini-i-485(整箱包装)-V1.0,7,2024-1-28,YG(供应链预估)
ID673,13.01.04.055,TFmini-i-CAN(整箱包装)-V1.0,16,2024-1-28,YG(供应链预估)
ID674,13.01.04.051,TFmini-i-485(整箱) 2m散线,20,2024-1-28,YG(供应链预估)
ID675,13.01.04.054,TFmini-i-CAN(单品包装)-V1.1,5,2024-1-28,YG(供应链预估)
ID676,13.01.04.056,TFmini-i-CAN-2m散线-V1.1,23,2024-1-28,YG(供应链预估)
ID677,13.01.05.005,TF03-UART(单品包装)-V1.1,34,2024-1-28,YG(供应链预估)
ID678,13.01.05.006,TF03-485(单品包装)-V1.1,15,2024-1-28,YG(供应链预估)
ID679,13.01.05.011,TF03-180 4~20mA（单品包装）-V1.0,2,2024-1-28,YG(供应链预估)
ID680,13.01.05.013,TF03-100 4~20mA（单品包装）-V1.0,3,2024-1-28,YG(供应链预估)
ID681,13.01.05.016,TF03-232(单品包装)-V1.0,3,2024-1-28,YG(供应链预估)
ID682,13.01.05.017,TF03-UART(整箱包装)-V1.1,2,2024-1-28,YG(供应链预估)
ID683,13.01.05.018,TF03-485(整箱包装)-V1.1,6,2024-1-28,YG(供应链预估)
ID684,13.01.07.001,TF-luna(标品/单品包装)-V1.0,388,2024-1-28,YG(供应链预估)
ID685,13.01.07.002,TF-luna(标品/整箱包装)-V1.0,154,2024-1-28,YG(供应链预估)
ID686,13.01.08.005,TFmini Plus-2400标品(单品包装)-V1.0,317,2024-1-28,YG(供应链预估)
ID687,13.01.08.006,TFmini Plus-2400标品(整箱包装)-V1.0,160,2024-1-28,YG(供应链预估)
ID688,13.01.08.007,TFmini Plus-2400-I²C(单品包装)-V1.0,15,2024-1-28,YG(供应链预估)
ID689,13.01.09.001,TF350-UART(单品包装)-V1.0,2,2024-1-28,YG(供应链预估)
ID690,13.01.09.002,TF350-485(单品包装)-V1.0,1,2024-1-28,YG(供应链预估)
ID691,13.01.09.003,TF350-232(单品包装)-V1.0,1,2024-1-28,YG(供应链预估)
ID692,13.01.02.023,TF02-Pro标品(整箱包装)-V1.0,14,2024-1-28,YG(供应链预估)
ID693,13.01.02.024,TF02-Pro标品(单品包装)-V1.0,32,2024-1-28,YG(供应链预估)
ID694,13.01.02.035,TF02-i-485(单品包装)-V1.0,3,2024-1-28,YG(供应链预估)
ID695,13.01.02.038,TF02-Pro-W-485(单品包装)-V1.0,1,2024-1-28,YG(供应链预估)
ID696,13.01.04.041,TFmini-S-V1.8.1(单品包装)-V1.0,75,2024-1-28,YG(供应链预估)
ID697,13.01.05.018,TF03-485(整箱包装)-V1.1,13,2024-1-28,YG(供应链预估)
ID698,13.01.07.001,TF-luna(标品/单品包装)-V1.0,75,2024-1-28,YG(供应链预估)
ID699,13.01.07.002,TF-luna(标品/整箱包装)-V1.0,108,2024-1-28,YG(供应链预估)
ID700,13.01.08.005,TFmini Plus-2400标品(单品包装)-V1.0,31,2024-1-28,YG(供应链预估)
ID701,13.01.08.007,TFmini Plus-2400-I²C(单品包装)-V1.0,10,2024-1-28,YG(供应链预估)
ID702,13.01.06.004,S2R继电器板,6,2024-2-7,YG(供应链预估)
ID703,13.01.06.004,S2R继电器板,2,2024-2-7,YG(供应链预估)
ID704,13.01.02.023,TF02-Pro标品(整箱包装)-V1.0,10,2024-2-7,YG(供应链预估)
ID705,13.01.02.024,TF02-Pro标品(单品包装)-V1.0,40,2024-2-7,YG(供应链预估)
ID706,13.01.02.035,TF02-i-485(单品包装)-V1.0,6,2024-2-7,YG(供应链预估)
ID707,13.01.02.036,TF02-i-CAN(单品包装)-V1.0,6,2024-2-7,YG(供应链预估)
ID708,13.01.02.038,TF02-Pro-W-485(单品包装)-V1.0,5,2024-2-7,YG(供应链预估)
ID709,13.01.04.035,TFmini-S-I²C(单品包装)-V1.0,10,2024-2-7,YG(供应链预估)
ID710,13.01.04.041,TFmini-S-V1.8.1(单品包装)-V1.0,132,2024-2-7,YG(供应链预估)
ID711,13.01.04.042,TFmini-S-V1.8.1(整箱包装)-V1.0,55,2024-2-7,YG(供应链预估)
ID712,13.01.04.046,TFmini-i-485(整箱包装)-V1.0,7,2024-2-7,YG(供应链预估)
ID713,13.01.04.055,TFmini-i-CAN(整箱包装)-V1.0,16,2024-2-7,YG(供应链预估)
ID714,13.01.04.051,TFmini-i-485(整箱) 2m散线,20,2024-2-7,YG(供应链预估)
ID715,13.01.04.054,TFmini-i-CAN(单品包装)-V1.1,5,2024-2-7,YG(供应链预估)
ID716,13.01.04.056,TFmini-i-CAN-2m散线-V1.1,23,2024-2-7,YG(供应链预估)
ID717,13.01.05.005,TF03-UART(单品包装)-V1.1,34,2024-2-7,YG(供应链预估)
ID718,13.01.05.006,TF03-485(单品包装)-V1.1,15,2024-2-7,YG(供应链预估)
ID719,13.01.05.011,TF03-180 4~20mA（单品包装）-V1.0,2,2024-2-7,YG(供应链预估)
ID720,13.01.05.013,TF03-100 4~20mA（单品包装）-V1.0,3,2024-2-7,YG(供应链预估)
ID721,13.01.05.016,TF03-232(单品包装)-V1.0,3,2024-2-7,YG(供应链预估)
ID722,13.01.05.017,TF03-UART(整箱包装)-V1.1,2,2024-2-7,YG(供应链预估)
ID723,13.01.05.018,TF03-485(整箱包装)-V1.1,6,2024-2-7,YG(供应链预估)
ID724,13.01.07.001,TF-luna(标品/单品包装)-V1.0,388,2024-2-7,YG(供应链预估)
ID725,13.01.07.002,TF-luna(标品/整箱包装)-V1.0,154,2024-2-7,YG(供应链预估)
ID726,13.01.08.005,TFmini Plus-2400标品(单品包装)-V1.0,317,2024-2-7,YG(供应链预估)
ID727,13.01.08.006,TFmini Plus-2400标品(整箱包装)-V1.0,160,2024-2-7,YG(供应链预估)
ID728,13.01.08.007,TFmini Plus-2400-I²C(单品包装)-V1.0,15,2024-2-7,YG(供应链预估)
ID729,13.01.09.001,TF350-UART(单品包装)-V1.0,2,2024-2-7,YG(供应链预估)
ID730,13.01.09.002,TF350-485(单品包装)-V1.0,1,2024-2-7,YG(供应链预估)
ID731,13.01.09.003,TF350-232(单品包装)-V1.0,1,2024-2-7,YG(供应链预估)
ID732,13.01.02.023,TF02-Pro标品(整箱包装)-V1.0,14,2024-2-7,YG(供应链预估)
ID733,13.01.02.024,TF02-Pro标品(单品包装)-V1.0,32,2024-2-7,YG(供应链预估)
ID734,13.01.02.035,TF02-i-485(单品包装)-V1.0,3,2024-2-7,YG(供应链预估)
ID735,13.01.02.038,TF02-Pro-W-485(单品包装)-V1.0,1,2024-2-7,YG(供应链预估)
ID736,13.01.04.041,TFmini-S-V1.8.1(单品包装)-V1.0,75,2024-2-7,YG(供应链预估)
ID737,13.01.05.018,TF03-485(整箱包装)-V1.1,13,2024-2-7,YG(供应链预估)
ID738,13.01.07.001,TF-luna(标品/单品包装)-V1.0,75,2024-2-7,YG(供应链预估)
ID739,13.01.07.002,TF-luna(标品/整箱包装)-V1.0,108,2024-2-7,YG(供应链预估)
ID740,13.01.08.005,TFmini Plus-2400标品(单品包装)-V1.0,31,2024-2-7,YG(供应链预估)
ID741,13.01.08.007,TFmini Plus-2400-I²C(单品包装)-V1.0,10,2024-2-7,YG(供应链预估)
ID742,13.01.06.004,S2R继电器板,6,2024-2-14,YG(供应链预估)
ID743,13.01.06.004,S2R继电器板,2,2024-2-14,YG(供应链预估)
ID744,13.01.02.023,TF02-Pro标品(整箱包装)-V1.0,10,2024-2-14,YG(供应链预估)
ID745,13.01.02.024,TF02-Pro标品(单品包装)-V1.0,40,2024-2-14,YG(供应链预估)
ID746,13.01.02.035,TF02-i-485(单品包装)-V1.0,6,2024-2-14,YG(供应链预估)
ID747,13.01.02.036,TF02-i-CAN(单品包装)-V1.0,6,2024-2-14,YG(供应链预估)
ID748,13.01.02.038,TF02-Pro-W-485(单品包装)-V1.0,5,2024-2-14,YG(供应链预估)
ID749,13.01.04.035,TFmini-S-I²C(单品包装)-V1.0,10,2024-2-14,YG(供应链预估)
ID750,13.01.04.041,TFmini-S-V1.8.1(单品包装)-V1.0,132,2024-2-14,YG(供应链预估)
ID751,13.01.04.042,TFmini-S-V1.8.1(整箱包装)-V1.0,55,2024-2-14,YG(供应链预估)
ID752,13.01.04.046,TFmini-i-485(整箱包装)-V1.0,7,2024-2-14,YG(供应链预估)
ID753,13.01.04.055,TFmini-i-CAN(整箱包装)-V1.0,16,2024-2-14,YG(供应链预估)
ID754,13.01.04.051,TFmini-i-485(整箱) 2m散线,20,2024-2-14,YG(供应链预估)
ID755,13.01.04.054,TFmini-i-CAN(单品包装)-V1.1,5,2024-2-14,YG(供应链预估)
ID756,13.01.04.056,TFmini-i-CAN-2m散线-V1.1,23,2024-2-14,YG(供应链预估)
ID757,13.01.05.005,TF03-UART(单品包装)-V1.1,34,2024-2-14,YG(供应链预估)
ID758,13.01.05.006,TF03-485(单品包装)-V1.1,15,2024-2-14,YG(供应链预估)
ID759,13.01.05.011,TF03-180 4~20mA（单品包装）-V1.0,2,2024-2-14,YG(供应链预估)
ID760,13.01.05.013,TF03-100 4~20mA（单品包装）-V1.0,3,2024-2-14,YG(供应链预估)
ID761,13.01.05.016,TF03-232(单品包装)-V1.0,3,2024-2-14,YG(供应链预估)
ID762,13.01.05.017,TF03-UART(整箱包装)-V1.1,2,2024-2-14,YG(供应链预估)
ID763,13.01.05.018,TF03-485(整箱包装)-V1.1,6,2024-2-14,YG(供应链预估)
ID764,13.01.07.001,TF-luna(标品/单品包装)-V1.0,388,2024-2-14,YG(供应链预估)
ID765,13.01.07.002,TF-luna(标品/整箱包装)-V1.0,154,2024-2-14,YG(供应链预估)
ID766,13.01.08.005,TFmini Plus-2400标品(单品包装)-V1.0,317,2024-2-14,YG(供应链预估)
ID767,13.01.08.006,TFmini Plus-2400标品(整箱包装)-V1.0,160,2024-2-14,YG(供应链预估)
ID768,13.01.08.007,TFmini Plus-2400-I²C(单品包装)-V1.0,15,2024-2-14,YG(供应链预估)
ID769,13.01.09.001,TF350-UART(单品包装)-V1.0,2,2024-2-14,YG(供应链预估)
ID770,13.01.09.002,TF350-485(单品包装)-V1.0,1,2024-2-14,YG(供应链预估)
ID771,13.01.09.003,TF350-232(单品包装)-V1.0,1,2024-2-14,YG(供应链预估)
ID772,13.01.02.023,TF02-Pro标品(整箱包装)-V1.0,14,2024-2-14,YG(供应链预估)
ID773,13.01.02.024,TF02-Pro标品(单品包装)-V1.0,32,2024-2-14,YG(供应链预估)
ID774,13.01.02.035,TF02-i-485(单品包装)-V1.0,3,2024-2-14,YG(供应链预估)
ID775,13.01.02.038,TF02-Pro-W-485(单品包装)-V1.0,1,2024-2-14,YG(供应链预估)
ID776,13.01.04.041,TFmini-S-V1.8.1(单品包装)-V1.0,75,2024-2-14,YG(供应链预估)
ID777,13.01.05.018,TF03-485(整箱包装)-V1.1,13,2024-2-14,YG(供应链预估)
ID778,13.01.07.001,TF-luna(标品/单品包装)-V1.0,75,2024-2-14,YG(供应链预估)
ID779,13.01.07.002,TF-luna(标品/整箱包装)-V1.0,108,2024-2-14,YG(供应链预估)
ID780,13.01.08.005,TFmini Plus-2400标品(单品包装)-V1.0,31,2024-2-14,YG(供应链预估)
ID781,13.01.08.007,TFmini Plus-2400-I²C(单品包装)-V1.0,10,2024-2-14,YG(供应链预估)
ID782,13.01.07.005,LUNA-M,45,2024-2-15,YC(销售预测)
ID783,13.01.02.024,TF02-Pro标品(单品包装)-V1.0,47,2024-2-15,YC(销售预测)
ID784,13.01.02.023,TF02-Pro标品(整箱包装)-V1.0,121,2024-2-15,YC(销售预测)
ID785,13.01.02.035,TF02-i-485(单品包装)-V1.0,6,2024-2-15,YC(销售预测)
ID786,13.01.02.036,TF02-i-CAN(单品包装)-V1.0,17,2024-2-15,YC(销售预测)
ID787,13.01.02.038,TF02-Pro-W-485(单品包装)-V1.0,5,2024-2-15,YC(销售预测)
ID788,13.01.04.041,TFmini-S-V1.8.1(单品包装)-V1.0,196,2024-2-15,YC(销售预测)
ID789,13.01.04.042,TFmini-S-V1.8.1(整箱包装)-V1.0,420,2024-2-15,YC(销售预测)
ID790,13.01.04.048,TFmini-i-485(单品包装)-V1.0,3,2024-2-15,YC(销售预测)
ID791,13.01.05.005,TF03-UART(单品包装)-V1.1,51,2024-2-15,YC(销售预测)
ID792,13.01.05.017,TF03-UART(整箱包装)-V1.1,67,2024-2-15,YC(销售预测)
ID793,13.01.05.006,TF03-485(单品包装)-V1.1,5,2024-2-15,YC(销售预测)
ID794,13.01.05.016,TF03-232(单品包装)-V1.0,8,2024-2-15,YC(销售预测)
ID795,13.01.05.013,TF03-100 4~20mA（单品包装）-V1.0,10,2024-2-15,YC(销售预测)
ID796,13.01.06.004,S2R继电器板,36,2024-2-15,YC(销售预测)
ID797,13.01.07.002,TF-luna(标品/整箱包装)-V1.0,1478,2024-2-15,YC(销售预测)
ID798,13.01.07.001,TF-luna(标品/单品包装)-V1.0,478,2024-2-15,YC(销售预测)
ID799,13.01.08.006,TFmini Plus-2400标品(整箱包装)-V1.0,964,2024-2-15,YC(销售预测)
ID800,13.01.08.005,TFmini Plus-2400标品(单品包装)-V1.0,150,2024-2-15,YC(销售预测)
ID801,13.01.09.001,TF350-UART(单品包装)-V1.0,3,2024-2-15,YC(销售预测)
ID802,13.01.09.002,TF350-485(单品包装)-V1.0,10,2024-2-15,YC(销售预测)
ID803,13.01.06.004,S2R继电器板,6,2024-2-21,YG(供应链预估)
ID804,13.01.06.004,S2R继电器板,2,2024-2-21,YG(供应链预估)
ID805,13.01.02.023,TF02-Pro标品(整箱包装)-V1.0,10,2024-2-21,YG(供应链预估)
ID806,13.01.02.024,TF02-Pro标品(单品包装)-V1.0,40,2024-2-21,YG(供应链预估)
ID807,13.01.02.035,TF02-i-485(单品包装)-V1.0,6,2024-2-21,YG(供应链预估)
ID808,13.01.02.036,TF02-i-CAN(单品包装)-V1.0,6,2024-2-21,YG(供应链预估)
ID809,13.01.02.038,TF02-Pro-W-485(单品包装)-V1.0,5,2024-2-21,YG(供应链预估)
ID810,13.01.04.035,TFmini-S-I²C(单品包装)-V1.0,10,2024-2-21,YG(供应链预估)
ID811,13.01.04.041,TFmini-S-V1.8.1(单品包装)-V1.0,132,2024-2-21,YG(供应链预估)
ID812,13.01.04.042,TFmini-S-V1.8.1(整箱包装)-V1.0,55,2024-2-21,YG(供应链预估)
ID813,13.01.04.046,TFmini-i-485(整箱包装)-V1.0,7,2024-2-21,YG(供应链预估)
ID814,13.01.04.055,TFmini-i-CAN(整箱包装)-V1.0,16,2024-2-21,YG(供应链预估)
ID815,13.01.04.051,TFmini-i-485(整箱) 2m散线,20,2024-2-21,YG(供应链预估)
ID816,13.01.04.054,TFmini-i-CAN(单品包装)-V1.1,5,2024-2-21,YG(供应链预估)
ID817,13.01.04.056,TFmini-i-CAN-2m散线-V1.1,23,2024-2-21,YG(供应链预估)
ID818,13.01.05.005,TF03-UART(单品包装)-V1.1,34,2024-2-21,YG(供应链预估)
ID819,13.01.05.006,TF03-485(单品包装)-V1.1,15,2024-2-21,YG(供应链预估)
ID820,13.01.05.011,TF03-180 4~20mA（单品包装）-V1.0,2,2024-2-21,YG(供应链预估)
ID821,13.01.05.013,TF03-100 4~20mA（单品包装）-V1.0,3,2024-2-21,YG(供应链预估)
ID822,13.01.05.016,TF03-232(单品包装)-V1.0,3,2024-2-21,YG(供应链预估)
ID823,13.01.05.017,TF03-UART(整箱包装)-V1.1,2,2024-2-21,YG(供应链预估)
ID824,13.01.05.018,TF03-485(整箱包装)-V1.1,6,2024-2-21,YG(供应链预估)
ID825,13.01.07.001,TF-luna(标品/单品包装)-V1.0,388,2024-2-21,YG(供应链预估)
ID826,13.01.07.002,TF-luna(标品/整箱包装)-V1.0,154,2024-2-21,YG(供应链预估)
ID827,13.01.08.005,TFmini Plus-2400标品(单品包装)-V1.0,317,2024-2-21,YG(供应链预估)
ID828,13.01.08.006,TFmini Plus-2400标品(整箱包装)-V1.0,160,2024-2-21,YG(供应链预估)
ID829,13.01.08.007,TFmini Plus-2400-I²C(单品包装)-V1.0,15,2024-2-21,YG(供应链预估)
ID830,13.01.09.001,TF350-UART(单品包装)-V1.0,2,2024-2-21,YG(供应链预估)
ID831,13.01.09.002,TF350-485(单品包装)-V1.0,1,2024-2-21,YG(供应链预估)
ID832,13.01.09.003,TF350-232(单品包装)-V1.0,1,2024-2-21,YG(供应链预估)
ID833,13.01.02.023,TF02-Pro标品(整箱包装)-V1.0,14,2024-2-21,YG(供应链预估)
ID834,13.01.02.024,TF02-Pro标品(单品包装)-V1.0,32,2024-2-21,YG(供应链预估)
ID835,13.01.02.035,TF02-i-485(单品包装)-V1.0,3,2024-2-21,YG(供应链预估)
ID836,13.01.02.038,TF02-Pro-W-485(单品包装)-V1.0,1,2024-2-21,YG(供应链预估)
ID837,13.01.04.041,TFmini-S-V1.8.1(单品包装)-V1.0,75,2024-2-21,YG(供应链预估)
ID838,13.01.05.018,TF03-485(整箱包装)-V1.1,13,2024-2-21,YG(供应链预估)
ID839,13.01.07.001,TF-luna(标品/单品包装)-V1.0,75,2024-2-21,YG(供应链预估)
ID840,13.01.07.002,TF-luna(标品/整箱包装)-V1.0,108,2024-2-21,YG(供应链预估)
ID841,13.01.08.005,TFmini Plus-2400标品(单品包装)-V1.0,31,2024-2-21,YG(供应链预估)
ID842,13.01.08.007,TFmini Plus-2400-I²C(单品包装)-V1.0,10,2024-2-21,YG(供应链预估)
ID843,13.01.04.054,TFmini-i-CAN(单品包装)-V1.1,5,2024-2-28,YG(供应链预估)
ID844,13.01.04.056,TFmini-i-CAN-2m散线-V1.1,23,2024-2-28,YG(供应链预估)
ID845,13.01.05.005,TF03-UART(单品包装)-V1.1,34,2024-2-28,YG(供应链预估)
ID846,13.01.05.006,TF03-485(单品包装)-V1.1,15,2024-2-28,YG(供应链预估)
ID847,13.01.05.011,TF03-180 4~20mA（单品包装）-V1.0,2,2024-2-28,YG(供应链预估)
ID848,13.01.05.013,TF03-100 4~20mA（单品包装）-V1.0,3,2024-2-28,YG(供应链预估)
ID849,13.01.05.016,TF03-232(单品包装)-V1.0,3,2024-2-28,YG(供应链预估)
ID850,13.01.05.017,TF03-UART(整箱包装)-V1.1,2,2024-2-28,YG(供应链预估)
ID851,13.01.05.018,TF03-485(整箱包装)-V1.1,6,2024-2-28,YG(供应链预估)
ID852,13.01.07.001,TF-luna(标品/单品包装)-V1.0,388,2024-2-28,YG(供应链预估)
ID853,13.01.07.002,TF-luna(标品/整箱包装)-V1.0,154,2024-2-28,YG(供应链预估)
ID854,13.01.08.005,TFmini Plus-2400标品(单品包装)-V1.0,317,2024-2-28,YG(供应链预估)
ID855,13.01.08.006,TFmini Plus-2400标品(整箱包装)-V1.0,160,2024-2-28,YG(供应链预估)
ID856,13.01.08.007,TFmini Plus-2400-I²C(单品包装)-V1.0,15,2024-2-28,YG(供应链预估)
ID857,13.01.09.001,TF350-UART(单品包装)-V1.0,2,2024-2-28,YG(供应链预估)
ID858,13.01.09.002,TF350-485(单品包装)-V1.0,1,2024-2-28,YG(供应链预估)
ID859,13.01.09.003,TF350-232(单品包装)-V1.0,1,2024-2-28,YG(供应链预估)
ID860,13.01.02.023,TF02-Pro标品(整箱包装)-V1.0,14,2024-2-28,YG(供应链预估)
ID861,13.01.02.024,TF02-Pro标品(单品包装)-V1.0,32,2024-2-28,YG(供应链预估)
ID862,13.01.02.035,TF02-i-485(单品包装)-V1.0,3,2024-2-28,YG(供应链预估)
ID863,13.01.02.038,TF02-Pro-W-485(单品包装)-V1.0,1,2024-2-28,YG(供应链预估)
ID864,13.01.04.041,TFmini-S-V1.8.1(单品包装)-V1.0,75,2024-2-28,YG(供应链预估)
ID865,13.01.05.018,TF03-485(整箱包装)-V1.1,13,2024-2-28,YG(供应链预估)
ID866,13.01.07.001,TF-luna(标品/单品包装)-V1.0,75,2024-2-28,YG(供应链预估)
ID867,13.01.07.002,TF-luna(标品/整箱包装)-V1.0,108,2024-2-28,YG(供应链预估)
ID868,13.01.08.005,TFmini Plus-2400标品(单品包装)-V1.0,31,2024-2-28,YG(供应链预估)
ID869,13.01.08.007,TFmini Plus-2400-I²C(单品包装)-V1.0,10,2024-2-28,YG(供应链预估)
ID870,13.01.06.004,S2R继电器板,6,2024-2-28,YG(供应链预估)
ID871,13.01.06.004,S2R继电器板,2,2024-2-28,YG(供应链预估)
ID872,13.01.02.023,TF02-Pro标品(整箱包装)-V1.0,10,2024-2-28,YG(供应链预估)
ID873,13.01.02.024,TF02-Pro标品(单品包装)-V1.0,40,2024-2-28,YG(供应链预估)
ID874,13.01.02.035,TF02-i-485(单品包装)-V1.0,6,2024-2-28,YG(供应链预估)
ID875,13.01.02.036,TF02-i-CAN(单品包装)-V1.0,6,2024-2-28,YG(供应链预估)
ID876,13.01.02.038,TF02-Pro-W-485(单品包装)-V1.0,5,2024-2-28,YG(供应链预估)
ID877,13.01.04.035,TFmini-S-I²C(单品包装)-V1.0,10,2024-2-28,YG(供应链预估)
ID878,13.01.04.041,TFmini-S-V1.8.1(单品包装)-V1.0,132,2024-2-28,YG(供应链预估)
ID879,13.01.04.042,TFmini-S-V1.8.1(整箱包装)-V1.0,55,2024-2-28,YG(供应链预估)
ID880,13.01.04.046,TFmini-i-485(整箱包装)-V1.0,7,2024-2-28,YG(供应链预估)
ID881,13.01.04.055,TFmini-i-CAN(整箱包装)-V1.0,16,2024-2-28,YG(供应链预估)
ID882,13.01.04.051,TFmini-i-485(整箱) 2m散线,20,2024-2-28,YG(供应链预估)
ID883,13.01.06.004,S2R继电器板,6,2024-3-7,YG(供应链预估)
ID884,13.01.06.004,S2R继电器板,2,2024-3-7,YG(供应链预估)
ID885,13.01.02.023,TF02-Pro标品(整箱包装)-V1.0,10,2024-3-7,YG(供应链预估)
ID886,13.01.02.024,TF02-Pro标品(单品包装)-V1.0,40,2024-3-7,YG(供应链预估)
ID887,13.01.02.035,TF02-i-485(单品包装)-V1.0,6,2024-3-7,YG(供应链预估)
ID888,13.01.02.036,TF02-i-CAN(单品包装)-V1.0,6,2024-3-7,YG(供应链预估)
ID889,13.01.02.038,TF02-Pro-W-485(单品包装)-V1.0,5,2024-3-7,YG(供应链预估)
ID890,13.01.04.035,TFmini-S-I²C(单品包装)-V1.0,10,2024-3-7,YG(供应链预估)
ID891,13.01.04.041,TFmini-S-V1.8.1(单品包装)-V1.0,132,2024-3-7,YG(供应链预估)
ID892,13.01.04.042,TFmini-S-V1.8.1(整箱包装)-V1.0,55,2024-3-7,YG(供应链预估)
ID893,13.01.04.046,TFmini-i-485(整箱包装)-V1.0,7,2024-3-7,YG(供应链预估)
ID894,13.01.04.055,TFmini-i-CAN(整箱包装)-V1.0,16,2024-3-7,YG(供应链预估)
ID895,13.01.04.051,TFmini-i-485(整箱) 2m散线,20,2024-3-7,YG(供应链预估)
ID896,13.01.04.054,TFmini-i-CAN(单品包装)-V1.1,5,2024-3-7,YG(供应链预估)
ID897,13.01.04.056,TFmini-i-CAN-2m散线-V1.1,23,2024-3-7,YG(供应链预估)
ID898,13.01.05.005,TF03-UART(单品包装)-V1.1,34,2024-3-7,YG(供应链预估)
ID899,13.01.05.006,TF03-485(单品包装)-V1.1,15,2024-3-7,YG(供应链预估)
ID900,13.01.05.011,TF03-180 4~20mA（单品包装）-V1.0,2,2024-3-7,YG(供应链预估)
ID901,13.01.05.013,TF03-100 4~20mA（单品包装）-V1.0,3,2024-3-7,YG(供应链预估)
ID902,13.01.05.016,TF03-232(单品包装)-V1.0,3,2024-3-7,YG(供应链预估)
ID903,13.01.05.017,TF03-UART(整箱包装)-V1.1,2,2024-3-7,YG(供应链预估)
ID904,13.01.05.018,TF03-485(整箱包装)-V1.1,6,2024-3-7,YG(供应链预估)
ID905,13.01.07.001,TF-luna(标品/单品包装)-V1.0,388,2024-3-7,YG(供应链预估)
ID906,13.01.07.002,TF-luna(标品/整箱包装)-V1.0,154,2024-3-7,YG(供应链预估)
ID907,13.01.08.005,TFmini Plus-2400标品(单品包装)-V1.0,317,2024-3-7,YG(供应链预估)
ID908,13.01.08.006,TFmini Plus-2400标品(整箱包装)-V1.0,160,2024-3-7,YG(供应链预估)
ID909,13.01.08.007,TFmini Plus-2400-I²C(单品包装)-V1.0,15,2024-3-7,YG(供应链预估)
ID910,13.01.09.001,TF350-UART(单品包装)-V1.0,2,2024-3-7,YG(供应链预估)
ID911,13.01.09.002,TF350-485(单品包装)-V1.0,1,2024-3-7,YG(供应链预估)
ID912,13.01.09.003,TF350-232(单品包装)-V1.0,1,2024-3-7,YG(供应链预估)
ID913,13.01.02.023,TF02-Pro标品(整箱包装)-V1.0,14,2024-3-7,YG(供应链预估)
ID914,13.01.02.024,TF02-Pro标品(单品包装)-V1.0,32,2024-3-7,YG(供应链预估)
ID915,13.01.02.035,TF02-i-485(单品包装)-V1.0,3,2024-3-7,YG(供应链预估)
ID916,13.01.02.038,TF02-Pro-W-485(单品包装)-V1.0,1,2024-3-7,YG(供应链预估)
ID917,13.01.04.041,TFmini-S-V1.8.1(单品包装)-V1.0,75,2024-3-7,YG(供应链预估)
ID918,13.01.05.018,TF03-485(整箱包装)-V1.1,13,2024-3-7,YG(供应链预估)
ID919,13.01.07.001,TF-luna(标品/单品包装)-V1.0,75,2024-3-7,YG(供应链预估)
ID920,13.01.07.002,TF-luna(标品/整箱包装)-V1.0,108,2024-3-7,YG(供应链预估)
ID921,13.01.08.005,TFmini Plus-2400标品(单品包装)-V1.0,31,2024-3-7,YG(供应链预估)
ID922,13.01.08.007,TFmini Plus-2400-I²C(单品包装)-V1.0,10,2024-3-7,YG(供应链预估)
ID923,13.01.06.004,S2R继电器板,6,2024-3-14,YG(供应链预估)
ID924,13.01.06.004,S2R继电器板,2,2024-3-14,YG(供应链预估)
ID925,13.01.02.023,TF02-Pro标品(整箱包装)-V1.0,10,2024-3-14,YG(供应链预估)
ID926,13.01.02.024,TF02-Pro标品(单品包装)-V1.0,40,2024-3-14,YG(供应链预估)
ID927,13.01.02.035,TF02-i-485(单品包装)-V1.0,6,2024-3-14,YG(供应链预估)
ID928,13.01.02.036,TF02-i-CAN(单品包装)-V1.0,6,2024-3-14,YG(供应链预估)
ID929,13.01.02.038,TF02-Pro-W-485(单品包装)-V1.0,5,2024-3-14,YG(供应链预估)
ID930,13.01.04.035,TFmini-S-I²C(单品包装)-V1.0,10,2024-3-14,YG(供应链预估)
ID931,13.01.04.041,TFmini-S-V1.8.1(单品包装)-V1.0,132,2024-3-14,YG(供应链预估)
ID932,13.01.04.042,TFmini-S-V1.8.1(整箱包装)-V1.0,55,2024-3-14,YG(供应链预估)
ID933,13.01.04.046,TFmini-i-485(整箱包装)-V1.0,7,2024-3-14,YG(供应链预估)
ID934,13.01.04.055,TFmini-i-CAN(整箱包装)-V1.0,16,2024-3-14,YG(供应链预估)
ID935,13.01.04.051,TFmini-i-485(整箱) 2m散线,20,2024-3-14,YG(供应链预估)
ID936,13.01.04.054,TFmini-i-CAN(单品包装)-V1.1,5,2024-3-14,YG(供应链预估)
ID937,13.01.04.056,TFmini-i-CAN-2m散线-V1.1,23,2024-3-14,YG(供应链预估)
ID938,13.01.05.005,TF03-UART(单品包装)-V1.1,34,2024-3-14,YG(供应链预估)
ID939,13.01.05.006,TF03-485(单品包装)-V1.1,15,2024-3-14,YG(供应链预估)
ID940,13.01.05.011,TF03-180 4~20mA（单品包装）-V1.0,2,2024-3-14,YG(供应链预估)
ID941,13.01.05.013,TF03-100 4~20mA（单品包装）-V1.0,3,2024-3-14,YG(供应链预估)
ID942,13.01.05.016,TF03-232(单品包装)-V1.0,3,2024-3-14,YG(供应链预估)
ID943,13.01.05.017,TF03-UART(整箱包装)-V1.1,2,2024-3-14,YG(供应链预估)
ID944,13.01.05.018,TF03-485(整箱包装)-V1.1,6,2024-3-14,YG(供应链预估)
ID945,13.01.07.001,TF-luna(标品/单品包装)-V1.0,388,2024-3-14,YG(供应链预估)
ID946,13.01.07.002,TF-luna(标品/整箱包装)-V1.0,154,2024-3-14,YG(供应链预估)
ID947,13.01.08.005,TFmini Plus-2400标品(单品包装)-V1.0,317,2024-3-14,YG(供应链预估)
ID948,13.01.08.006,TFmini Plus-2400标品(整箱包装)-V1.0,160,2024-3-14,YG(供应链预估)
ID949,13.01.08.007,TFmini Plus-2400-I²C(单品包装)-V1.0,15,2024-3-14,YG(供应链预估)
ID950,13.01.09.001,TF350-UART(单品包装)-V1.0,2,2024-3-14,YG(供应链预估)
ID951,13.01.09.002,TF350-485(单品包装)-V1.0,1,2024-3-14,YG(供应链预估)
ID952,13.01.09.003,TF350-232(单品包装)-V1.0,1,2024-3-14,YG(供应链预估)
ID953,13.01.02.023,TF02-Pro标品(整箱包装)-V1.0,14,2024-3-14,YG(供应链预估)
ID954,13.01.02.024,TF02-Pro标品(单品包装)-V1.0,32,2024-3-14,YG(供应链预估)
ID955,13.01.02.035,TF02-i-485(单品包装)-V1.0,3,2024-3-14,YG(供应链预估)
ID956,13.01.02.038,TF02-Pro-W-485(单品包装)-V1.0,1,2024-3-14,YG(供应链预估)
ID957,13.01.04.041,TFmini-S-V1.8.1(单品包装)-V1.0,75,2024-3-14,YG(供应链预估)
ID958,13.01.05.018,TF03-485(整箱包装)-V1.1,13,2024-3-14,YG(供应链预估)
ID959,13.01.07.001,TF-luna(标品/单品包装)-V1.0,75,2024-3-14,YG(供应链预估)
ID960,13.01.07.002,TF-luna(标品/整箱包装)-V1.0,108,2024-3-14,YG(供应链预估)
ID961,13.01.08.005,TFmini Plus-2400标品(单品包装)-V1.0,31,2024-3-14,YG(供应链预估)
ID962,13.01.08.007,TFmini Plus-2400-I²C(单品包装)-V1.0,10,2024-3-14,YG(供应链预估)
ID963,13.01.08.006,TFmini Plus-2400标品(整箱包装)-V1.0,10000,2024-3-15,YC(销售预测)
ID964,13.01.07.005,LUNA-M,45,2024-3-15,YC(销售预测)
ID965,13.01.02.024,TF02-Pro标品(单品包装)-V1.0,47,2024-3-15,YC(销售预测)
ID966,13.01.02.023,TF02-Pro标品(整箱包装)-V1.0,121,2024-3-15,YC(销售预测)
ID967,13.01.02.035,TF02-i-485(单品包装)-V1.0,6,2024-3-15,YC(销售预测)
ID968,13.01.02.036,TF02-i-CAN(单品包装)-V1.0,17,2024-3-15,YC(销售预测)
ID969,13.01.02.038,TF02-Pro-W-485(单品包装)-V1.0,5,2024-3-15,YC(销售预测)
ID970,13.01.04.041,TFmini-S-V1.8.1(单品包装)-V1.0,196,2024-3-15,YC(销售预测)
ID971,13.01.04.042,TFmini-S-V1.8.1(整箱包装)-V1.0,420,2024-3-15,YC(销售预测)
ID972,13.01.04.048,TFmini-i-485(单品包装)-V1.0,3,2024-3-15,YC(销售预测)
ID973,13.01.05.005,TF03-UART(单品包装)-V1.1,51,2024-3-15,YC(销售预测)
ID974,13.01.05.017,TF03-UART(整箱包装)-V1.1,67,2024-3-15,YC(销售预测)
ID975,13.01.05.006,TF03-485(单品包装)-V1.1,5,2024-3-15,YC(销售预测)
ID976,13.01.05.016,TF03-232(单品包装)-V1.0,8,2024-3-15,YC(销售预测)
ID977,13.01.05.013,TF03-100 4~20mA（单品包装）-V1.0,10,2024-3-15,YC(销售预测)
ID978,13.01.06.004,S2R继电器板,36,2024-3-15,YC(销售预测)
ID979,13.01.07.002,TF-luna(标品/整箱包装)-V1.0,1478,2024-3-15,YC(销售预测)
ID980,13.01.07.001,TF-luna(标品/单品包装)-V1.0,478,2024-3-15,YC(销售预测)
ID981,13.01.08.006,TFmini Plus-2400标品(整箱包装)-V1.0,964,2024-3-15,YC(销售预测)
ID982,13.01.08.005,TFmini Plus-2400标品(单品包装)-V1.0,150,2024-3-15,YC(销售预测)
ID983,13.01.09.001,TF350-UART(单品包装)-V1.0,3,2024-3-15,YC(销售预测)
ID984,13.01.09.002,TF350-485(单品包装)-V1.0,10,2024-3-15,YC(销售预测)
ID985,13.01.06.004,S2R继电器板,6,2024-3-21,YG(供应链预估)
ID986,13.01.06.004,S2R继电器板,2,2024-3-21,YG(供应链预估)
ID987,13.01.02.023,TF02-Pro标品(整箱包装)-V1.0,10,2024-3-21,YG(供应链预估)
ID988,13.01.02.024,TF02-Pro标品(单品包装)-V1.0,40,2024-3-21,YG(供应链预估)
ID989,13.01.02.035,TF02-i-485(单品包装)-V1.0,6,2024-3-21,YG(供应链预估)
ID990,13.01.02.036,TF02-i-CAN(单品包装)-V1.0,6,2024-3-21,YG(供应链预估)
ID991,13.01.02.038,TF02-Pro-W-485(单品包装)-V1.0,5,2024-3-21,YG(供应链预估)
ID992,13.01.04.035,TFmini-S-I²C(单品包装)-V1.0,10,2024-3-21,YG(供应链预估)
ID993,13.01.04.041,TFmini-S-V1.8.1(单品包装)-V1.0,132,2024-3-21,YG(供应链预估)
ID994,13.01.04.042,TFmini-S-V1.8.1(整箱包装)-V1.0,55,2024-3-21,YG(供应链预估)
ID995,13.01.04.046,TFmini-i-485(整箱包装)-V1.0,7,2024-3-21,YG(供应链预估)
ID996,13.01.04.055,TFmini-i-CAN(整箱包装)-V1.0,16,2024-3-21,YG(供应链预估)
ID997,13.01.04.051,TFmini-i-485(整箱) 2m散线,20,2024-3-21,YG(供应链预估)
ID998,13.01.04.054,TFmini-i-CAN(单品包装)-V1.1,5,2024-3-21,YG(供应链预估)
ID999,13.01.04.056,TFmini-i-CAN-2m散线-V1.1,23,2024-3-21,YG(供应链预估)
ID1000,13.01.05.005,TF03-UART(单品包装)-V1.1,34,2024-3-21,YG(供应链预估)
ID1001,13.01.05.006,TF03-485(单品包装)-V1.1,15,2024-3-21,YG(供应链预估)
ID1002,13.01.05.011,TF03-180 4~20mA（单品包装）-V1.0,2,2024-3-21,YG(供应链预估)
ID1003,13.01.05.013,TF03-100 4~20mA（单品包装）-V1.0,3,2024-3-21,YG(供应链预估)
ID1004,13.01.05.016,TF03-232(单品包装)-V1.0,3,2024-3-21,YG(供应链预估)
ID1005,13.01.05.017,TF03-UART(整箱包装)-V1.1,2,2024-3-21,YG(供应链预估)
ID1006,13.01.05.018,TF03-485(整箱包装)-V1.1,6,2024-3-21,YG(供应链预估)
ID1007,13.01.07.001,TF-luna(标品/单品包装)-V1.0,388,2024-3-21,YG(供应链预估)
ID1008,13.01.07.002,TF-luna(标品/整箱包装)-V1.0,154,2024-3-21,YG(供应链预估)
ID1009,13.01.08.005,TFmini Plus-2400标品(单品包装)-V1.0,317,2024-3-21,YG(供应链预估)
ID1010,13.01.08.006,TFmini Plus-2400标品(整箱包装)-V1.0,160,2024-3-21,YG(供应链预估)
ID1011,13.01.08.007,TFmini Plus-2400-I²C(单品包装)-V1.0,15,2024-3-21,YG(供应链预估)
ID1012,13.01.09.001,TF350-UART(单品包装)-V1.0,2,2024-3-21,YG(供应链预估)
ID1013,13.01.09.002,TF350-485(单品包装)-V1.0,1,2024-3-21,YG(供应链预估)
ID1014,13.01.09.003,TF350-232(单品包装)-V1.0,1,2024-3-21,YG(供应链预估)
ID1015,13.01.02.023,TF02-Pro标品(整箱包装)-V1.0,14,2024-3-21,YG(供应链预估)
ID1016,13.01.02.024,TF02-Pro标品(单品包装)-V1.0,32,2024-3-21,YG(供应链预估)
ID1017,13.01.02.035,TF02-i-485(单品包装)-V1.0,3,2024-3-21,YG(供应链预估)
ID1018,13.01.02.038,TF02-Pro-W-485(单品包装)-V1.0,1,2024-3-21,YG(供应链预估)
ID1019,13.01.04.041,TFmini-S-V1.8.1(单品包装)-V1.0,75,2024-3-21,YG(供应链预估)
ID1020,13.01.05.018,TF03-485(整箱包装)-V1.1,13,2024-3-21,YG(供应链预估)
ID1021,13.01.07.001,TF-luna(标品/单品包装)-V1.0,75,2024-3-21,YG(供应链预估)
ID1022,13.01.07.002,TF-luna(标品/整箱包装)-V1.0,108,2024-3-21,YG(供应链预估)
ID1023,13.01.08.005,TFmini Plus-2400标品(单品包装)-V1.0,31,2024-3-21,YG(供应链预估)
ID1024,13.01.08.007,TFmini Plus-2400-I²C(单品包装)-V1.0,10,2024-3-21,YG(供应链预估)
ID1025,13.01.06.004,S2R继电器板,6,2024-3-28,YG(供应链预估)
ID1026,13.01.06.004,S2R继电器板,2,2024-3-28,YG(供应链预估)
ID1027,13.01.02.023,TF02-Pro标品(整箱包装)-V1.0,10,2024-3-28,YG(供应链预估)
ID1028,13.01.02.024,TF02-Pro标品(单品包装)-V1.0,40,2024-3-28,YG(供应链预估)
ID1029,13.01.02.035,TF02-i-485(单品包装)-V1.0,6,2024-3-28,YG(供应链预估)
ID1030,13.01.02.036,TF02-i-CAN(单品包装)-V1.0,6,2024-3-28,YG(供应链预估)
ID1031,13.01.02.038,TF02-Pro-W-485(单品包装)-V1.0,5,2024-3-28,YG(供应链预估)
ID1032,13.01.04.035,TFmini-S-I²C(单品包装)-V1.0,10,2024-3-28,YG(供应链预估)
ID1033,13.01.04.041,TFmini-S-V1.8.1(单品包装)-V1.0,132,2024-3-28,YG(供应链预估)
ID1034,13.01.04.042,TFmini-S-V1.8.1(整箱包装)-V1.0,55,2024-3-28,YG(供应链预估)
ID1035,13.01.04.046,TFmini-i-485(整箱包装)-V1.0,7,2024-3-28,YG(供应链预估)
ID1036,13.01.04.055,TFmini-i-CAN(整箱包装)-V1.0,16,2024-3-28,YG(供应链预估)
ID1037,13.01.04.051,TFmini-i-485(整箱) 2m散线,20,2024-3-28,YG(供应链预估)
ID1038,13.01.04.054,TFmini-i-CAN(单品包装)-V1.1,5,2024-3-28,YG(供应链预估)
ID1039,13.01.04.056,TFmini-i-CAN-2m散线-V1.1,23,2024-3-28,YG(供应链预估)
ID1040,13.01.05.005,TF03-UART(单品包装)-V1.1,34,2024-3-28,YG(供应链预估)
ID1041,13.01.05.006,TF03-485(单品包装)-V1.1,15,2024-3-28,YG(供应链预估)
ID1042,13.01.05.011,TF03-180 4~20mA（单品包装）-V1.0,2,2024-3-28,YG(供应链预估)
ID1043,13.01.05.013,TF03-100 4~20mA（单品包装）-V1.0,3,2024-3-28,YG(供应链预估)
ID1044,13.01.05.016,TF03-232(单品包装)-V1.0,3,2024-3-28,YG(供应链预估)
ID1045,13.01.05.017,TF03-UART(整箱包装)-V1.1,2,2024-3-28,YG(供应链预估)
ID1046,13.01.05.018,TF03-485(整箱包装)-V1.1,6,2024-3-28,YG(供应链预估)
ID1047,13.01.07.001,TF-luna(标品/单品包装)-V1.0,388,2024-3-28,YG(供应链预估)
ID1048,13.01.07.002,TF-luna(标品/整箱包装)-V1.0,154,2024-3-28,YG(供应链预估)
ID1049,13.01.08.005,TFmini Plus-2400标品(单品包装)-V1.0,317,2024-3-28,YG(供应链预估)
ID1050,13.01.08.006,TFmini Plus-2400标品(整箱包装)-V1.0,160,2024-3-28,YG(供应链预估)
ID1051,13.01.08.007,TFmini Plus-2400-I²C(单品包装)-V1.0,15,2024-3-28,YG(供应链预估)
ID1052,13.01.09.001,TF350-UART(单品包装)-V1.0,2,2024-3-28,YG(供应链预估)
ID1053,13.01.09.002,TF350-485(单品包装)-V1.0,1,2024-3-28,YG(供应链预估)
ID1054,13.01.09.003,TF350-232(单品包装)-V1.0,1,2024-3-28,YG(供应链预估)
ID1055,13.01.02.023,TF02-Pro标品(整箱包装)-V1.0,14,2024-3-28,YG(供应链预估)
ID1056,13.01.02.024,TF02-Pro标品(单品包装)-V1.0,32,2024-3-28,YG(供应链预估)
ID1057,13.01.02.035,TF02-i-485(单品包装)-V1.0,3,2024-3-28,YG(供应链预估)
ID1058,13.01.02.038,TF02-Pro-W-485(单品包装)-V1.0,1,2024-3-28,YG(供应链预估)
ID1059,13.01.04.041,TFmini-S-V1.8.1(单品包装)-V1.0,75,2024-3-28,YG(供应链预估)
ID1060,13.01.05.018,TF03-485(整箱包装)-V1.1,13,2024-3-28,YG(供应链预估)
ID1061,13.01.07.001,TF-luna(标品/单品包装)-V1.0,75,2024-3-28,YG(供应链预估)
ID1062,13.01.07.002,TF-luna(标品/整箱包装)-V1.0,108,2024-3-28,YG(供应链预估)
ID1063,13.01.08.005,TFmini Plus-2400标品(单品包装)-V1.0,31,2024-3-28,YG(供应链预估)
ID1064,13.01.08.007,TFmini Plus-2400-I²C(单品包装)-V1.0,10,2024-3-28,YG(供应链预估)
ID1065,13.01.06.004,S2R继电器板,6,2024-4-7,YG(供应链预估)
ID1066,13.01.06.004,S2R继电器板,2,2024-4-7,YG(供应链预估)
ID1067,13.01.02.023,TF02-Pro标品(整箱包装)-V1.0,10,2024-4-7,YG(供应链预估)
ID1068,13.01.02.024,TF02-Pro标品(单品包装)-V1.0,40,2024-4-7,YG(供应链预估)
ID1069,13.01.02.035,TF02-i-485(单品包装)-V1.0,6,2024-4-7,YG(供应链预估)
ID1070,13.01.02.036,TF02-i-CAN(单品包装)-V1.0,6,2024-4-7,YG(供应链预估)
ID1071,13.01.02.038,TF02-Pro-W-485(单品包装)-V1.0,5,2024-4-7,YG(供应链预估)
ID1072,13.01.04.035,TFmini-S-I²C(单品包装)-V1.0,10,2024-4-7,YG(供应链预估)
ID1073,13.01.04.041,TFmini-S-V1.8.1(单品包装)-V1.0,132,2024-4-7,YG(供应链预估)
ID1074,13.01.04.042,TFmini-S-V1.8.1(整箱包装)-V1.0,55,2024-4-7,YG(供应链预估)
ID1075,13.01.04.046,TFmini-i-485(整箱包装)-V1.0,7,2024-4-7,YG(供应链预估)
ID1076,13.01.04.055,TFmini-i-CAN(整箱包装)-V1.0,16,2024-4-7,YG(供应链预估)
ID1077,13.01.04.051,TFmini-i-485(整箱) 2m散线,20,2024-4-7,YG(供应链预估)
ID1078,13.01.04.054,TFmini-i-CAN(单品包装)-V1.1,5,2024-4-7,YG(供应链预估)
ID1079,13.01.04.056,TFmini-i-CAN-2m散线-V1.1,23,2024-4-7,YG(供应链预估)
ID1080,13.01.05.005,TF03-UART(单品包装)-V1.1,34,2024-4-7,YG(供应链预估)
ID1081,13.01.05.006,TF03-485(单品包装)-V1.1,15,2024-4-7,YG(供应链预估)
ID1082,13.01.05.011,TF03-180 4~20mA（单品包装）-V1.0,2,2024-4-7,YG(供应链预估)
ID1083,13.01.05.013,TF03-100 4~20mA（单品包装）-V1.0,3,2024-4-7,YG(供应链预估)
ID1084,13.01.05.016,TF03-232(单品包装)-V1.0,3,2024-4-7,YG(供应链预估)
ID1085,13.01.05.017,TF03-UART(整箱包装)-V1.1,2,2024-4-7,YG(供应链预估)
ID1086,13.01.05.018,TF03-485(整箱包装)-V1.1,6,2024-4-7,YG(供应链预估)
ID1087,13.01.07.001,TF-luna(标品/单品包装)-V1.0,388,2024-4-7,YG(供应链预估)
ID1088,13.01.07.002,TF-luna(标品/整箱包装)-V1.0,154,2024-4-7,YG(供应链预估)
ID1089,13.01.08.005,TFmini Plus-2400标品(单品包装)-V1.0,317,2024-4-7,YG(供应链预估)
ID1090,13.01.08.006,TFmini Plus-2400标品(整箱包装)-V1.0,160,2024-4-7,YG(供应链预估)
ID1091,13.01.08.007,TFmini Plus-2400-I²C(单品包装)-V1.0,15,2024-4-7,YG(供应链预估)
ID1092,13.01.09.001,TF350-UART(单品包装)-V1.0,2,2024-4-7,YG(供应链预估)
ID1093,13.01.09.002,TF350-485(单品包装)-V1.0,1,2024-4-7,YG(供应链预估)
ID1094,13.01.09.003,TF350-232(单品包装)-V1.0,1,2024-4-7,YG(供应链预估)
ID1095,13.01.02.023,TF02-Pro标品(整箱包装)-V1.0,14,2024-4-7,YG(供应链预估)
ID1096,13.01.02.024,TF02-Pro标品(单品包装)-V1.0,32,2024-4-7,YG(供应链预估)
ID1097,13.01.02.035,TF02-i-485(单品包装)-V1.0,3,2024-4-7,YG(供应链预估)
ID1098,13.01.02.038,TF02-Pro-W-485(单品包装)-V1.0,1,2024-4-7,YG(供应链预估)
ID1099,13.01.04.041,TFmini-S-V1.8.1(单品包装)-V1.0,75,2024-4-7,YG(供应链预估)
ID1100,13.01.05.018,TF03-485(整箱包装)-V1.1,13,2024-4-7,YG(供应链预估)
ID1101,13.01.07.001,TF-luna(标品/单品包装)-V1.0,75,2024-4-7,YG(供应链预估)
ID1102,13.01.07.002,TF-luna(标品/整箱包装)-V1.0,108,2024-4-7,YG(供应链预估)
ID1103,13.01.08.005,TFmini Plus-2400标品(单品包装)-V1.0,31,2024-4-7,YG(供应链预估)
ID1104,13.01.08.007,TFmini Plus-2400-I²C(单品包装)-V1.0,10,2024-4-7,YG(供应链预估)
ID1105,13.01.06.004,S2R继电器板,6,2024-4-14,YG(供应链预估)
ID1106,13.01.06.004,S2R继电器板,2,2024-4-14,YG(供应链预估)
ID1107,13.01.02.023,TF02-Pro标品(整箱包装)-V1.0,10,2024-4-14,YG(供应链预估)
ID1108,13.01.02.024,TF02-Pro标品(单品包装)-V1.0,40,2024-4-14,YG(供应链预估)
ID1109,13.01.02.035,TF02-i-485(单品包装)-V1.0,6,2024-4-14,YG(供应链预估)
ID1110,13.01.02.036,TF02-i-CAN(单品包装)-V1.0,6,2024-4-14,YG(供应链预估)
ID1111,13.01.02.038,TF02-Pro-W-485(单品包装)-V1.0,5,2024-4-14,YG(供应链预估)
ID1112,13.01.04.035,TFmini-S-I²C(单品包装)-V1.0,10,2024-4-14,YG(供应链预估)
ID1113,13.01.04.041,TFmini-S-V1.8.1(单品包装)-V1.0,132,2024-4-14,YG(供应链预估)
ID1114,13.01.04.042,TFmini-S-V1.8.1(整箱包装)-V1.0,55,2024-4-14,YG(供应链预估)
ID1115,13.01.04.046,TFmini-i-485(整箱包装)-V1.0,7,2024-4-14,YG(供应链预估)
ID1116,13.01.04.055,TFmini-i-CAN(整箱包装)-V1.0,16,2024-4-14,YG(供应链预估)
ID1117,13.01.04.051,TFmini-i-485(整箱) 2m散线,20,2024-4-14,YG(供应链预估)
ID1118,13.01.04.054,TFmini-i-CAN(单品包装)-V1.1,5,2024-4-14,YG(供应链预估)
ID1119,13.01.04.056,TFmini-i-CAN-2m散线-V1.1,23,2024-4-14,YG(供应链预估)
ID1120,13.01.05.005,TF03-UART(单品包装)-V1.1,34,2024-4-14,YG(供应链预估)
ID1121,13.01.05.006,TF03-485(单品包装)-V1.1,15,2024-4-14,YG(供应链预估)
ID1122,13.01.05.011,TF03-180 4~20mA（单品包装）-V1.0,2,2024-4-14,YG(供应链预估)
ID1123,13.01.05.013,TF03-100 4~20mA（单品包装）-V1.0,3,2024-4-14,YG(供应链预估)
ID1124,13.01.05.016,TF03-232(单品包装)-V1.0,3,2024-4-14,YG(供应链预估)
ID1125,13.01.05.017,TF03-UART(整箱包装)-V1.1,2,2024-4-14,YG(供应链预估)
ID1126,13.01.05.018,TF03-485(整箱包装)-V1.1,6,2024-4-14,YG(供应链预估)
ID1127,13.01.07.001,TF-luna(标品/单品包装)-V1.0,388,2024-4-14,YG(供应链预估)
ID1128,13.01.07.002,TF-luna(标品/整箱包装)-V1.0,154,2024-4-14,YG(供应链预估)
ID1129,13.01.08.005,TFmini Plus-2400标品(单品包装)-V1.0,317,2024-4-14,YG(供应链预估)
ID1130,13.01.08.006,TFmini Plus-2400标品(整箱包装)-V1.0,160,2024-4-14,YG(供应链预估)
ID1131,13.01.08.007,TFmini Plus-2400-I²C(单品包装)-V1.0,15,2024-4-14,YG(供应链预估)
ID1132,13.01.09.001,TF350-UART(单品包装)-V1.0,2,2024-4-14,YG(供应链预估)
ID1133,13.01.09.002,TF350-485(单品包装)-V1.0,1,2024-4-14,YG(供应链预估)
ID1134,13.01.09.003,TF350-232(单品包装)-V1.0,1,2024-4-14,YG(供应链预估)
ID1135,13.01.02.023,TF02-Pro标品(整箱包装)-V1.0,14,2024-4-14,YG(供应链预估)
ID1136,13.01.02.024,TF02-Pro标品(单品包装)-V1.0,32,2024-4-14,YG(供应链预估)
ID1137,13.01.02.035,TF02-i-485(单品包装)-V1.0,3,2024-4-14,YG(供应链预估)
ID1138,13.01.02.038,TF02-Pro-W-485(单品包装)-V1.0,1,2024-4-14,YG(供应链预估)
ID1139,13.01.04.041,TFmini-S-V1.8.1(单品包装)-V1.0,75,2024-4-14,YG(供应链预估)
ID1140,13.01.05.018,TF03-485(整箱包装)-V1.1,13,2024-4-14,YG(供应链预估)
ID1141,13.01.07.001,TF-luna(标品/单品包装)-V1.0,75,2024-4-14,YG(供应链预估)
ID1142,13.01.07.002,TF-luna(标品/整箱包装)-V1.0,108,2024-4-14,YG(供应链预估)
ID1143,13.01.08.005,TFmini Plus-2400标品(单品包装)-V1.0,31,2024-4-14,YG(供应链预估)
ID1144,13.01.08.007,TFmini Plus-2400-I²C(单品包装)-V1.0,10,2024-4-14,YG(供应链预估)
ID1145,13.01.07.005,LUNA-M,45,2024-4-15,YC(销售预测)
ID1146,13.01.02.024,TF02-Pro标品(单品包装)-V1.0,47,2024-4-15,YC(销售预测)
ID1147,13.01.02.023,TF02-Pro标品(整箱包装)-V1.0,121,2024-4-15,YC(销售预测)
ID1148,13.01.02.035,TF02-i-485(单品包装)-V1.0,6,2024-4-15,YC(销售预测)
ID1149,13.01.02.036,TF02-i-CAN(单品包装)-V1.0,17,2024-4-15,YC(销售预测)
ID1150,13.01.02.038,TF02-Pro-W-485(单品包装)-V1.0,5,2024-4-15,YC(销售预测)
ID1151,13.01.04.041,TFmini-S-V1.8.1(单品包装)-V1.0,196,2024-4-15,YC(销售预测)
ID1152,13.01.04.042,TFmini-S-V1.8.1(整箱包装)-V1.0,420,2024-4-15,YC(销售预测)
ID1153,13.01.04.048,TFmini-i-485(单品包装)-V1.0,3,2024-4-15,YC(销售预测)
ID1154,13.01.05.005,TF03-UART(单品包装)-V1.1,51,2024-4-15,YC(销售预测)
ID1155,13.01.05.017,TF03-UART(整箱包装)-V1.1,67,2024-4-15,YC(销售预测)
ID1156,13.01.05.006,TF03-485(单品包装)-V1.1,5,2024-4-15,YC(销售预测)
ID1157,13.01.05.016,TF03-232(单品包装)-V1.0,8,2024-4-15,YC(销售预测)
ID1158,13.01.05.013,TF03-100 4~20mA（单品包装）-V1.0,10,2024-4-15,YC(销售预测)
ID1159,13.01.06.004,S2R继电器板,36,2024-4-15,YC(销售预测)
ID1160,13.01.07.002,TF-luna(标品/整箱包装)-V1.0,1478,2024-4-15,YC(销售预测)
ID1161,13.01.07.001,TF-luna(标品/单品包装)-V1.0,478,2024-4-15,YC(销售预测)
ID1162,13.01.08.006,TFmini Plus-2400标品(整箱包装)-V1.0,964,2024-4-15,YC(销售预测)
ID1163,13.01.08.005,TFmini Plus-2400标品(单品包装)-V1.0,150,2024-4-15,YC(销售预测)
ID1164,13.01.09.001,TF350-UART(单品包装)-V1.0,3,2024-4-15,YC(销售预测)
ID1165,13.01.09.002,TF350-485(单品包装)-V1.0,10,2024-4-15,YC(销售预测)
ID1166,13.01.06.004,S2R继电器板,6,2024-4-21,YG(供应链预估)
ID1167,13.01.06.004,S2R继电器板,2,2024-4-21,YG(供应链预估)
ID1168,13.01.02.023,TF02-Pro标品(整箱包装)-V1.0,10,2024-4-21,YG(供应链预估)
ID1169,13.01.02.024,TF02-Pro标品(单品包装)-V1.0,40,2024-4-21,YG(供应链预估)
ID1170,13.01.02.035,TF02-i-485(单品包装)-V1.0,6,2024-4-21,YG(供应链预估)
ID1171,13.01.02.036,TF02-i-CAN(单品包装)-V1.0,6,2024-4-21,YG(供应链预估)
ID1172,13.01.02.038,TF02-Pro-W-485(单品包装)-V1.0,5,2024-4-21,YG(供应链预估)
ID1173,13.01.04.035,TFmini-S-I²C(单品包装)-V1.0,10,2024-4-21,YG(供应链预估)
ID1174,13.01.04.041,TFmini-S-V1.8.1(单品包装)-V1.0,132,2024-4-21,YG(供应链预估)
ID1175,13.01.04.042,TFmini-S-V1.8.1(整箱包装)-V1.0,55,2024-4-21,YG(供应链预估)
ID1176,13.01.04.046,TFmini-i-485(整箱包装)-V1.0,7,2024-4-21,YG(供应链预估)
ID1177,13.01.04.055,TFmini-i-CAN(整箱包装)-V1.0,16,2024-4-21,YG(供应链预估)
ID1178,13.01.04.051,TFmini-i-485(整箱) 2m散线,20,2024-4-21,YG(供应链预估)
ID1179,13.01.04.054,TFmini-i-CAN(单品包装)-V1.1,5,2024-4-21,YG(供应链预估)
ID1180,13.01.04.056,TFmini-i-CAN-2m散线-V1.1,23,2024-4-21,YG(供应链预估)
ID1181,13.01.05.005,TF03-UART(单品包装)-V1.1,34,2024-4-21,YG(供应链预估)
ID1182,13.01.05.006,TF03-485(单品包装)-V1.1,15,2024-4-21,YG(供应链预估)
ID1183,13.01.05.011,TF03-180 4~20mA（单品包装）-V1.0,2,2024-4-21,YG(供应链预估)
ID1184,13.01.05.013,TF03-100 4~20mA（单品包装）-V1.0,3,2024-4-21,YG(供应链预估)
ID1185,13.01.05.016,TF03-232(单品包装)-V1.0,3,2024-4-21,YG(供应链预估)
ID1186,13.01.05.017,TF03-UART(整箱包装)-V1.1,2,2024-4-21,YG(供应链预估)
ID1187,13.01.05.018,TF03-485(整箱包装)-V1.1,6,2024-4-21,YG(供应链预估)
ID1188,13.01.07.001,TF-luna(标品/单品包装)-V1.0,388,2024-4-21,YG(供应链预估)
ID1189,13.01.07.002,TF-luna(标品/整箱包装)-V1.0,154,2024-4-21,YG(供应链预估)
ID1190,13.01.08.005,TFmini Plus-2400标品(单品包装)-V1.0,317,2024-4-21,YG(供应链预估)
ID1191,13.01.08.006,TFmini Plus-2400标品(整箱包装)-V1.0,160,2024-4-21,YG(供应链预估)
ID1192,13.01.08.007,TFmini Plus-2400-I²C(单品包装)-V1.0,15,2024-4-21,YG(供应链预估)
ID1193,13.01.09.001,TF350-UART(单品包装)-V1.0,2,2024-4-21,YG(供应链预估)
ID1194,13.01.09.002,TF350-485(单品包装)-V1.0,1,2024-4-21,YG(供应链预估)
ID1195,13.01.09.003,TF350-232(单品包装)-V1.0,1,2024-4-21,YG(供应链预估)
ID1196,13.01.02.023,TF02-Pro标品(整箱包装)-V1.0,14,2024-4-21,YG(供应链预估)
ID1197,13.01.02.024,TF02-Pro标品(单品包装)-V1.0,32,2024-4-21,YG(供应链预估)
ID1198,13.01.02.035,TF02-i-485(单品包装)-V1.0,3,2024-4-21,YG(供应链预估)
ID1199,13.01.02.038,TF02-Pro-W-485(单品包装)-V1.0,1,2024-4-21,YG(供应链预估)
ID1200,13.01.04.041,TFmini-S-V1.8.1(单品包装)-V1.0,75,2024-4-21,YG(供应链预估)
ID1201,13.01.05.018,TF03-485(整箱包装)-V1.1,13,2024-4-21,YG(供应链预估)
ID1202,13.01.07.001,TF-luna(标品/单品包装)-V1.0,75,2024-4-21,YG(供应链预估)
ID1203,13.01.07.002,TF-luna(标品/整箱包装)-V1.0,108,2024-4-21,YG(供应链预估)
ID1204,13.01.08.005,TFmini Plus-2400标品(单品包装)-V1.0,31,2024-4-21,YG(供应链预估)
ID1205,13.01.08.007,TFmini Plus-2400-I²C(单品包装)-V1.0,10,2024-4-21,YG(供应链预估)
ID1206,13.01.06.004,S2R继电器板,6,2024-4-28,YG(供应链预估)
ID1207,13.01.06.004,S2R继电器板,2,2024-4-28,YG(供应链预估)
ID1208,13.01.02.023,TF02-Pro标品(整箱包装)-V1.0,10,2024-4-28,YG(供应链预估)
ID1209,13.01.02.024,TF02-Pro标品(单品包装)-V1.0,40,2024-4-28,YG(供应链预估)
ID1210,13.01.02.035,TF02-i-485(单品包装)-V1.0,6,2024-4-28,YG(供应链预估)
ID1211,13.01.02.036,TF02-i-CAN(单品包装)-V1.0,6,2024-4-28,YG(供应链预估)
ID1212,13.01.02.038,TF02-Pro-W-485(单品包装)-V1.0,5,2024-4-28,YG(供应链预估)
ID1213,13.01.04.035,TFmini-S-I²C(单品包装)-V1.0,10,2024-4-28,YG(供应链预估)
ID1214,13.01.04.041,TFmini-S-V1.8.1(单品包装)-V1.0,132,2024-4-28,YG(供应链预估)
ID1215,13.01.04.042,TFmini-S-V1.8.1(整箱包装)-V1.0,55,2024-4-28,YG(供应链预估)
ID1216,13.01.04.046,TFmini-i-485(整箱包装)-V1.0,7,2024-4-28,YG(供应链预估)
ID1217,13.01.04.055,TFmini-i-CAN(整箱包装)-V1.0,16,2024-4-28,YG(供应链预估)
ID1218,13.01.04.051,TFmini-i-485(整箱) 2m散线,20,2024-4-28,YG(供应链预估)
ID1219,13.01.04.054,TFmini-i-CAN(单品包装)-V1.1,5,2024-4-28,YG(供应链预估)
ID1220,13.01.04.056,TFmini-i-CAN-2m散线-V1.1,23,2024-4-28,YG(供应链预估)
ID1221,13.01.05.005,TF03-UART(单品包装)-V1.1,34,2024-4-28,YG(供应链预估)
ID1222,13.01.05.006,TF03-485(单品包装)-V1.1,15,2024-4-28,YG(供应链预估)
ID1223,13.01.05.011,TF03-180 4~20mA（单品包装）-V1.0,2,2024-4-28,YG(供应链预估)
ID1224,13.01.05.013,TF03-100 4~20mA（单品包装）-V1.0,3,2024-4-28,YG(供应链预估)
ID1225,13.01.05.016,TF03-232(单品包装)-V1.0,3,2024-4-28,YG(供应链预估)
ID1226,13.01.05.017,TF03-UART(整箱包装)-V1.1,2,2024-4-28,YG(供应链预估)
ID1227,13.01.05.018,TF03-485(整箱包装)-V1.1,6,2024-4-28,YG(供应链预估)
ID1228,13.01.07.001,TF-luna(标品/单品包装)-V1.0,388,2024-4-28,YG(供应链预估)
ID1229,13.01.07.002,TF-luna(标品/整箱包装)-V1.0,154,2024-4-28,YG(供应链预估)
ID1230,13.01.08.005,TFmini Plus-2400标品(单品包装)-V1.0,317,2024-4-28,YG(供应链预估)
ID1231,13.01.08.006,TFmini Plus-2400标品(整箱包装)-V1.0,160,2024-4-28,YG(供应链预估)
ID1232,13.01.08.007,TFmini Plus-2400-I²C(单品包装)-V1.0,15,2024-4-28,YG(供应链预估)
ID1233,13.01.09.001,TF350-UART(单品包装)-V1.0,2,2024-4-28,YG(供应链预估)
ID1234,13.01.09.002,TF350-485(单品包装)-V1.0,1,2024-4-28,YG(供应链预估)
ID1235,13.01.09.003,TF350-232(单品包装)-V1.0,1,2024-4-28,YG(供应链预估)
ID1236,13.01.02.023,TF02-Pro标品(整箱包装)-V1.0,14,2024-4-28,YG(供应链预估)
ID1237,13.01.02.024,TF02-Pro标品(单品包装)-V1.0,32,2024-4-28,YG(供应链预估)
ID1238,13.01.02.035,TF02-i-485(单品包装)-V1.0,3,2024-4-28,YG(供应链预估)
ID1239,13.01.02.038,TF02-Pro-W-485(单品包装)-V1.0,1,2024-4-28,YG(供应链预估)
ID1240,13.01.04.041,TFmini-S-V1.8.1(单品包装)-V1.0,75,2024-4-28,YG(供应链预估)
ID1241,13.01.05.018,TF03-485(整箱包装)-V1.1,13,2024-4-28,YG(供应链预估)
ID1242,13.01.07.001,TF-luna(标品/单品包装)-V1.0,75,2024-4-28,YG(供应链预估)
ID1243,13.01.07.002,TF-luna(标品/整箱包装)-V1.0,108,2024-4-28,YG(供应链预估)
ID1244,13.01.08.005,TFmini Plus-2400标品(单品包装)-V1.0,31,2024-4-28,YG(供应链预估)
ID1245,13.01.08.007,TFmini Plus-2400-I²C(单品包装)-V1.0,10,2024-4-28,YG(供应链预估)
