物料编码,物料名称,物料属性,物料分组,产品类型,产品族,包装方式,组装人数MAX,组装人数MIN,测试人数MAX,测试人数MIN,包装人数MAX,包装人数MIN,采购周期,MOQ,MPQ,安全库存
13.01.02.036,TF02-i-CAN(单品包装)-V1.0,TF,成品,标品,tf-02-i,单品,4,2,1,1,3,1,,100,50,28
13.01.02.035,TF02-i-485(单品包装)-V1.0,TF,成品,标品,tf-02-i,单品,4,2,1,1,3,1,,100,50,25
13.01.02.034,TF02-i-CAN(整箱包装)-V1.0,TF,成品,标品,tf-02-i,整箱,4,2,1,1,2,1,,100,50,0
13.01.02.033,TF02-i-485(整箱包装)-V1.0,TF,成品,标品,tf-02-i,整箱,4,2,1,1,2,1,,100,50,0
DZ.01.02.023.HNHL,TF02-Pro标品(整箱包装)-V1.0-HNHL,TF,成品,定制,tf-02-pro,整箱,4,2,1,1,2,1,,200,50,0
13.01.02.040,TF02-Pro-SY,TF,成品,定制,tf-02-pro,整箱,4,2,1,1,2,1,,100,50,70
13.01.02.039,TF02-Pro-Breezer,TF,成品,定制,tf-02-pro,整箱,4,2,1,1,2,1,,100,50,0
13.01.02.031,TF02-Pro-I²C(单品包装)-V1.0,TF,成品,标品,tf-02-pro,单品,4,2,1,1,3,1,,200,100,0
13.01.02.025,TF02-Pro-F(整箱包装)-V1.0,TF,成品,定制,tf-02-pro,整箱,4,2,1,1,2,1,,100,100,0
13.01.02.024,TF02-Pro标品(单品包装)-V1.0,TF,成品,标品,tf-02-pro,单品,4,2,1,1,3,1,,200,100,167
13.01.02.023,TF02-Pro标品(整箱包装)-V1.0,TF,成品,标品,tf-02-pro,整箱,4,2,1,1,2,1,,400,100,122
13.01.02.038,TF02-Pro-W-485(单品包装)-V1.0,TF,成品,定制,tf-02-pro-w,单品,4,2,1,1,2,1,,100,10,20
13.01.02.037,TF02-Pro-W(单品包装)-V1.0,TF,成品,定制,tf-02-pro-w,单品,4,2,1,1,2,1,,100,10,0
13.01.02.030,TF02-Pro-W-485(整箱包装)-V1.0,TF,成品,定制,tf-02-pro-w,整箱,4,2,1,1,2,1,,100,50,0
13.01.02.026,TF02-Pro-W(整箱包装)-V1.0,TF,成品,定制,tf-02-pro-w,整箱,4,2,1,1,2,1,,100,100,0
13.01.05.035,TF03-100-CAN-无logo-SDJL(整箱包装),TF,成品,定制,tf-03,整箱,4,2,1,1,2,1,,30,10,0
13.01.05.034,TF03-CAN,TF,成品,定制,tf-03,单品,4,2,1,1,2,1,,100,100,0
13.01.05.033,TF03-485-无LOGO,TF,成品,定制,tf-03,整箱,4,2,1,1,2,1,,100,100,0
13.01.05.032,TF03-UART-无LOGO,TF,成品,定制,tf-03,整箱,4,2,1,1,2,1,,100,100,0
13.01.05.021,TF03-V3-MT,TF,成品,定制,tf-03,整箱,4,2,1,1,2,1,,50,10,0
13.01.05.018,TF03-485(整箱包装)-V1.1,TF,成品,标品,tf-03,整箱,4,2,1,1,2,1,,120,60,37
13.01.05.017,TF03-UART(整箱包装)-V1.1,TF,成品,标品,tf-03,整箱,4,2,1,1,2,1,,120,60,37
13.01.05.016,TF03-232(单品包装)-V1.0,TF,成品,标品,tf-03,单品,4,2,1,1,2,1,,120,120,8
13.01.05.015,TF03-232(整箱包装)-V1.0,TF,成品,标品,tf-03,整箱,4,2,1,1,2,1,,120,60,0
13.01.05.013,TF03-100 4~20mA（单品包装）-V1.0,TF,成品,标品,tf-03,单品,4,2,1,1,2,1,,60,10,11
13.01.05.011,TF03-180 4~20mA（单品包装）-V1.0,TF,成品,标品,tf-03,单品,4,2,1,1,2,1,,30,10,3
13.01.05.006,TF03-485(单品包装)-V1.1,TF,成品,标品,tf-03,单品,4,2,1,1,2,1,,120,60,32
13.01.05.005,TF03-UART(单品包装)-V1.1,TF,成品,标品,tf-03,单品,4,2,1,1,2,1,,120,60,47
13.01.09.004,TF350-4~20mA(单品包装)-V1.0,TF,成品,标品,tf-350,单品,4,2,1,1,2,1,,1,1,0
13.01.09.003,TF350-232(单品包装)-V1.0,TF,成品,标品,tf-350,单品,4,2,1,1,2,1,,20,5,5
13.01.09.002,TF350-485(单品包装)-V1.0,TF,成品,标品,tf-350,单品,4,2,1,1,2,1,,50,10,20
13.01.09.001,TF350-UART(单品包装)-V1.0,TF,成品,标品,tf-350,单品,4,2,1,1,2,1,,20,5,4
13.01.07.011,TF-Luna-OW1,TF,成品,已有定制,tf-luna,整箱,3,2,1,1,3,1,,1000,100,0
13.01.07.010,TF-Luna-OW,TF,成品,已有定制,tf-luna,整箱,3,2,1,1,3,1,,1000,100,0
13.01.07.009,TF-Luna-M-ASU,TF,成品,标品,tf-luna,整箱,3,2,1,1,2,1,,500,100,0
13.01.07.008,TF-Luna-ASU,TF,成品,标品,tf-luna,整箱,3,2,1,1,2,1,,500,100,0
13.01.07.007,TF-Luna-N(单品包装),TF,成品,标品,tf-luna,单品,3,2,1,1,2,1,,100,100,0
13.01.07.006,TF-Luna-N(整箱包装),TF,成品,标品,tf-luna,整箱,3,2,1,1,2,1,,100,100,0
13.01.07.003,TF-Luna(LT/整箱包装)-V1.0,TF,成品,标品,tf-luna,整箱,3,2,1,1,2,1,,100,100,0
13.01.07.002,TF-luna(标品/整箱包装)-V1.0,TF,成品,标品,tf-luna,整箱,3,2,1,1,2,1,,3000,300,1761
13.01.07.001,TF-luna(标品/单品包装)-V1.0,TF,成品,标品,tf-luna,单品,3,2,1,1,2,1,,1500,100,900
13.01.07.005,MCC-0100D,TF,成品,标品,tf-luna-m,整箱,3,2,1,1,2,1,,1000,100,0
13.01.04.056,TFmini-i-CAN-2m散线-V1.1,TF,成品,标品,tf-mini-i,整箱,3,2,1,1,2,1,,100,50,0
13.01.04.055,TFmini-i-CAN(整箱包装)-V1.1,TF,成品,标品,tf-mini-i,整箱,3,2,1,1,2,1,,100,50,0
13.01.04.054,TFmini-i-CAN(单品包装)-V1.1,TF,成品,标品,tf-mini-i,单品,3,2,1,1,3,1,,100,50,0
13.01.04.051,TFmini-i-485(整箱) 2m散线,TF,成品,标品,tf-mini-i,整箱,3,2,1,1,2,1,,100,50,30
13.01.04.050,TFmini-i-CAN(整箱) 2m散线,TF,成品,标品,tf-mini-i,整箱,3,2,1,1,2,1,,100,50,0
13.01.04.049,TFmini-i-CAN(单品包装)-V1.0,TF,成品,标品,tf-mini-i,单品,3,2,1,1,3,1,,100,50,0
13.01.04.048,TFmini-i-485(单品包装)-V1.0,TF,成品,标品,tf-mini-i,单品,3,2,1,1,3,1,,100,50,30
13.01.04.047,TFmini-i-CAN(整箱包装)-V1.0,TF,成品,标品,tf-mini-i,整箱,3,2,1,1,2,1,,100,50,0
13.01.04.046,TFmini-i-485(整箱包装)-V1.0,TF,成品,标品,tf-mini-i,整箱,3,2,1,1,2,1,,100,10,46
13.01.08.011,TFmini Plus-YE,TF,成品,定制,tf-mini-plus,整箱,4,2,1,1,3,1,,1500,300,0
13.01.08.010,TFmini Plus-ABB,TF,成品,已有定制,tf-mini-plus,整箱,4,2,1,1,3,1,,300,50,0
13.01.08.009,TFmini Plus-I²C-KIWI,TF,成品,已有定制,tf-mini-plus,整箱,4,2,1,1,3,1,,100,100,0
13.01.08.008,TFmini Plus-2400-I²C(整箱包装)-V1.0,TF,成品,标品,tf-mini-plus,整箱,4,2,1,1,3,1,,100,100,0
13.01.08.007,TFmini Plus-2400-I²C(单品包装)-V1.0,TF,成品,标品,tf-mini-plus,单品,4,2,1,1,4,1,,100,100,0
13.01.08.006,TFmini Plus-2400标品(整箱包装)-V1.0,TF,成品,标品,tf-mini-plus,整箱,4,2,1,1,3,1,,1500,300,1145
13.01.08.005,TFmini Plus-2400标品(单品包装)-V1.0,TF,成品,标品,tf-mini-plus,单品,4,2,1,1,4,1,,900,100,472
13.01.04.062,TFmini-S-K-(整箱包装)-V1.0,TF,成品,定制,tf-mini-s,整箱,3,2,1,1,2,1,,1000,100,0
13.01.04.061,TFmini-S-05,TF,成品,定制,tf-mini-s,整箱,3,2,1,1,2,1,,1000,100,0
13.01.04.060,TFmini-S-LH (单品包装)-V1.0,TF,成品,标品,tf-mini-s,单品,3,2,1,1,2,1,,300,300,0
13.01.04.059,TFmini-S-LH-I²C(单品包装)-V1.0,TF,成品,标品,tf-mini-s,单品,3,2,1,1,2,1,,100,300,0
13.01.04.053,TFmini-S-A-I²C(整箱包装)-V1.0,TF,成品,已有定制,tf-mini-s,整箱,3,2,1,1,2,1,,300,300,0
13.01.04.042,TFmini-S-V1.8.1(整箱包装)-V1.0,TF,成品,标品,tf-mini-s,整箱,3,2,1,1,2,1,,1500,300,320
13.01.04.041,TFmini-S-V1.8.1(单品包装)-V1.0,TF,成品,标品,tf-mini-s,单品,3,2,1,1,3,1,,800,100,531
13.01.04.036,TFmini-S-I²C(整箱包装)-V1.0,TF,成品,标品,tf-mini-s,整箱,3,2,1,1,2,1,,200,100,0
13.01.04.035,TFmini-S-I²C(单品包装)-V1.0,TF,成品,标品,tf-mini-s,单品,3,2,1,1,3,1,,200,100,0
13.01.04.033,TFmini-S-R(整箱包装)-V1.0,TF,成品,已有定制,tf-mini-s-r,整箱,3,2,1,1,2,1,,900,100,0
13.01.06.004,S2R继电器板,TF,成品,标品,tf-S2R,单品,4,2,1,1,1,1,,200,100,30
12.01.01.225,TFmini-S-05主板,TF,半成品,定制,,,,,,,,,15,1000,500,
12.01.01.219,TF02-Pro-W主板,TF,半成品,标品,,,,,,,,,15,100,10,0
12.01.01.217,TF02主板V4.8,TF,半成品,标品,,,,,,,,,15,1200,100,800
12.01.01.216,工业版-CAN 转接板,TF,半成品,标品,,,,,,,,,15,800,100,500
12.01.01.215,TFmini-S主板,TF,半成品,标品,,,,,,,,,15,4000,1000,2000
12.01.01.214,TF-luna主板,TF,半成品,标品,,,,,,,,,15,12000,1000,6000
12.01.01.195,TF03-V2-功能板-4~20ma,TF,半成品,标品,,,,,,,,,10,300,100,100
12.01.01.194,S2R继电器主板,TF,半成品,标品,,,,,,,,,15,100,10,200
12.01.01.192,TF03-V3-接收板,TF,半成品,标品,,,,,,,,,15,100,10,0
12.01.01.191,TF03-V3-主板,TF,半成品,标品,,,,,,,,,21,100,10,0
12.01.01.189,工业版-485 转接板,TF,半成品,标品,,,,,,,,,21,800,100,500
12.01.01.171,TFmini-S-A主板,TF,半成品,标品,,,,,,,,,21,1000,500,0
12.01.01.169,TF03-V2/V3-发射板,TF,半成品,标品,,,,,,,,,30,3300,100,1000
12.01.01.165,TF03-V1-发射板,TF,半成品,标品,,,,,,,,,21,1,1,0
12.01.01.164,TF03-V2-接收板,TF,半成品,标品,,,,,,,,,21,1000,100,1000
12.01.01.163,TF03-V1-接收板,TF,半成品,标品,,,,,,,,,21,1,1,0
12.01.01.159,TF03-V2/V3-功能板-CAN,TF,半成品,标品,,,,,,,,,1,1,1,0
12.01.01.155,TF02-Pro-W-485转接板,TF,半成品,标品,,,,,,,,,21,100,10,100
12.01.01.153,TF03-V2-功能板-485,TF,半成品,标品,,,,,,,,,1,600,100,0
12.01.01.144,TF03-V2-主板-4~20ma,TF,半成品,标品,,,,,,,,,21,300,100,100
12.01.01.142,TF03-V2-主板-485,TF,半成品,标品,,,,,,,,,21,600,100,300
12.01.01.140,TF03-V2-主板-CAN,TF,半成品,标品,,,,,,,,,21,600,100,600
12.01.01.139,TFmini Plus-L-2400主板,TF,半成品,标品,,,,,,,,,21,6000,1000,3000
12.01.01.136,TF02-Pro主板V4.6.6,TF,半成品,标品,,,,,,,,,21,1000,100,0
12.01.01.135,TFmini-S-R主板,TF,半成品,标品,,,,,,,,,21,1000,100,0
12.01.01.127,TF通用转接板 V1.0,TF,半成品,标品,,,,,,,,,21,100,10,100
12.01.01.125,TF03-V1-主板,TF,半成品,标品,,,,,,,,,21,1,1,0
10.06.03.015,三防漆,TF,原材料,胶水,,,,,,,,,1,1,1,
10.06.03.014,480速干胶,TF,原材料,胶水,,,,,,,,,1,1,1,
10.06.03.013,262螺纹胶,TF,原材料,胶水,,,,,,,,,1,1,1,
10.06.03.012,UV胶,TF,原材料,胶水,,,,,,,,,1,1,1,
10.06.03.011,紫外线固化胶,TF,原材料,胶水,,,,,,,,,30,5,1,
10.06.03.010,紫外光固化胶,TF,原材料,胶水,,,,,,,,,20,10,1,
10.06.03.009,螺纹紧固剂,TF,原材料,胶水,,,,,,,,,90,5,1,
10.06.03.008,双组分丙烯酸胶黏剂,TF,原材料,胶水,,,,,,,,,15,2,1,
10.06.03.007,UV胶,TF,原材料,胶水,,,,,,,,,1,1,1,
10.06.03.006,双组分聚氨酯胶黏剂,TF,原材料,胶水,,,,,,,,,45,12,1,
10.06.03.005,导热凝脂,TF,原材料,胶水,,,,,,,,,21,2,1,
10.06.03.004,丙烯酸速干胶,TF,原材料,胶水,,,,,,,,,15,2,1,
10.06.03.003,银硅胶,TF,原材料,胶水,,,,,,,,,15,2,1,
10.06.03.002,硅橡胶,TF,原材料,胶水,,,,,,,,,30,10,1,
10.06.02.399,TF合格证,TF,原材料,包材,,,,,,,,,15,4000,1,
10.06.02.399,TF合格证,TF,原材料,包材,,,,,,,,,15,4000,1,
10.06.02.396,高温胶带,TF,原材料,包材,,,,,,,,,10,1,1,
10.06.02.395,“使用前请撕保护膜”标签,TF,原材料,包材,,,,,,,,,1,1,1,
10.06.02.062,报告专用纸（无logo）,TF,原材料,包材,,,,,,,,,10,100,1,
10.06.02.061,铜版纸不干胶标签,TF,原材料,包材,,,,,,,,,1,960,1,
10.06.02.060,导热垫,TF,原材料,包材,,,,,,,,,21,200,1,
10.06.02.056,窗口镜静电保护膜,TF,原材料,包材,,,,,,,,,15,200,1,
10.06.02.055,X2-pro-背胶,TF,原材料,包材,,,,,,,,,21,1000,1,
10.06.02.054,刀型不干胶线缆标签,TF,原材料,包材,,,,,,,,,25,600,1,
10.06.02.054,刀型不干胶线缆标签,TF,原材料,包材,,,,,,,,,25,600,1,
10.06.02.053,导热垫,TF,原材料,包材,,,,,,,,,21,200,1,
10.06.02.052,窗口镜保护膜,TF,原材料,包材,,,,,,,,,15,200,1,
10.06.02.051,接地标签,TF,原材料,包材,,,,,,,,,21,200,1,
10.06.02.050,“请勿长时间直视”标签,TF,原材料,包材,,,,,,,,,21,200,1,
10.06.02.049,人眼安全标识,TF,原材料,包材,,,,,,,,,21,200,1,
10.06.02.048,防潮袋,TF,原材料,包材,,,,,,,,,10,100,1,
10.06.02.047,哑银标签,TF,原材料,包材,,,,,,,,,21,200,1,
10.06.02.046,封口贴,TF,原材料,包材,,,,,,,,,10,100,1,
10.06.02.045,哑银标签,TF,原材料,包材,,,,,,,,,15,4000,1,
10.06.02.044,弹性泡棉,TF,原材料,包材,,,,,,,,,21,1000,1,
10.06.02.043,窗口镜背胶,TF,原材料,包材,,,,,,,,,21,1000,1,
10.06.02.042,线缆泡棉,TF,原材料,包材,,,,,,,,,21,1000,1,
10.06.02.041,封口标签,TF,原材料,包材,,,,,,,,,10,420,1,
10.06.02.040,哑银标签,TF,原材料,包材,,,,,,,,,15,5000,1,
10.06.02.038,CE30-D保护膜（大）,TF,原材料,包材,,,,,,,,,21,200,1,
10.06.02.032,热缩管,TF,原材料,包材,,,,,,,,,10,50,1,
10.06.02.031,TFmini-P PE贴膜,TF,原材料,包材,,,,,,,,,15,5000,1,
10.06.02.029,TF03保护贴膜,TF,原材料,包材,,,,,,,,,10,5000,1,
10.06.02.028,3M防水双面胶垫,TF,原材料,包材,,,,,,,,,21,200,1,
10.06.02.027,3M防水双面胶垫,TF,原材料,包材,,,,,,,,,21,200,1,
10.06.02.018,封口标签,TF,原材料,包材,,,,,,,,,15,5000,1,
10.06.02.017,TF02正面面板保护膜,TF,原材料,包材,,,,,,,,,10,5000,1,
10.06.02.015,封口标签,TF,原材料,包材,,,,,,,,,10,1800,1,
10.06.02.013,哑银标签,TF,原材料,包材,,,,,,,,,15,10000,1,
10.06.02.011,铜版纸不干胶标签,TF,原材料,包材,,,,,,,,,10,1500,1,
10.06.02.009,哑银标签,TF,原材料,包材,,,,,,,,,15,5000,1,
10.06.02.008,合格证,TF,原材料,包材,,,,,,,,,10,100,1,
10.06.02.005,铜版纸不干胶标签,TF,原材料,包材,,,,,,,,,15,3000,1,
10.06.01.417,自封袋,TF,原材料,包材,,,,,,,,,15,100,1,
10.06.01.417,自封袋,TF,原材料,包材,,,,,,,,,15,100,1,
10.06.01.416,防静电屏蔽袋,TF,原材料,包材,,,,,,,,,10,100,1,
10.06.01.416,防静电屏蔽袋,TF,原材料,包材,,,,,,,,,10,100,1,
10.06.01.413,TF350保护膜,TF,原材料,包材,,,,,,,,,15,1000,1,
10.06.01.412,电镀锌铁丝扎线,TF,原材料,包材,,,,,,,,,15,1000,1,
10.06.01.408,双面防静电袋,TF,原材料,包材,,,,,,,,,10,100,1,
10.06.01.407,PET保护膜,TF,原材料,包材,,,,,,,,,1,1,1,
10.06.01.406,PET保护膜,TF,原材料,包材,,,,,,,,,1,1,1,
10.06.01.405,POF收缩膜,TF,原材料,包材,,,,,,,,,1,100,1,
10.06.01.403,15m配件包_中内衬,TF,原材料,包材,,,,,,,,,21,100,1,
10.06.01.402,15m配件包_下内衬,TF,原材料,包材,,,,,,,,,21,100,1,
10.06.01.401,15m配件包_上内衬,TF,原材料,包材,,,,,,,,,21,100,1,
10.06.01.400,15m配件包-包装箱,TF,原材料,包材,,,,,,,,,21,100,1,
10.06.01.399,塑封袋,TF,原材料,包材,,,,,,,,,10,100,1,
10.06.01.398,自封袋,TF,原材料,包材,,,,,,,,,1,100,1,
10.06.01.088,TF02-Pro-W单品包装内衬,TF,原材料,包材,,,,,,,,,21,500,1,
10.06.01.087,Horn-白盒,TF,原材料,包材,,,,,,,,,21,100,1,
10.06.01.085,Horn-RT白盒,TF,原材料,包材,,,,,,,,,21,100,1,
10.06.01.084,内衬下壳-X2 Pro V1.6,TF,原材料,包材,,,,,,,,,21,100,1,
10.06.01.083,内衬上壳-X2 Pro V1.6,TF,原材料,包材,,,,,,,,,21,100,1,
10.06.01.079,X2-V1.6-包装盒,TF,原材料,包材,,,,,,,,,21,100,1,
10.06.01.078,X2-V1.6-包装内衬下,TF,原材料,包材,,,,,,,,,21,100,1,
10.06.01.077,X2-V1.6-包装内衬上,TF,原材料,包材,,,,,,,,,21,100,1,
10.06.01.076,TF350包装盒面纸,TF,原材料,包材,,,,,,,,,21,500,1,
10.06.01.075,TF350包装内衬,TF,原材料,包材,,,,,,,,,21,500,1,
10.06.01.074,X2-pro内衬下盖,TF,原材料,包材,,,,,,,,,21,100,1,
10.06.01.073,X2-pro内衬上盖,TF,原材料,包材,,,,,,,,,21,100,1,
10.06.01.072,X2-pro包装盒,TF,原材料,包材,,,,,,,,,21,100,1,
10.06.01.071,防静电自封袋,TF,原材料,包材,,,,,,,,,1,100,1,
10.06.01.070,TFmini-i单品包装内托,TF,原材料,包材,,,,,,,,,21,500,1,
10.06.01.069,Horn-RT包装盒,TF,原材料,包材,,,,,,,,,21,100,1,
10.06.01.068,自封袋,TF,原材料,包材,,,,,,,,,10,100,1,
10.06.01.067,CE30-D托盘,TF,原材料,包材,,,,,,,,,21,500,1,
10.06.01.066,镀铝膜气泡袋,TF,原材料,包材,,,,,,,,,10,100,1,
10.06.01.064,TF03 EPE泡棉托盘,TF,原材料,包材,,,,,,,,,21,500,1,
10.06.01.063,防静电袋,TF,原材料,包材,,,,,,,,,10,100,1,
10.06.01.062,包装箱,TF,原材料,包材,,,,,,,,,21,500,1,
10.06.01.061,吸塑托盘,TF,原材料,包材,,,,,,,,,21,500,1,
10.06.01.060,防静电自封袋,TF,原材料,包材,,,,,,,,,10,100,1,
10.06.01.059,TFmini-S单品包装盒,TF,原材料,包材,,,,,,,,,15,5000,1,
10.06.01.057,防静电袋,TF,原材料,包材,,,,,,,,,21,1000,1,
10.06.01.056,吸塑托盘,TF,原材料,包材,,,,,,,,,21,1000,1,
10.06.01.055,包装箱,TF,原材料,包材,,,,,,,,,21,500,1,
10.06.01.054,防静电自封袋,TF,原材料,包材,,,,,,,,,1,1,1,
10.06.01.053,TF02单品包装盒-Rangefinder,TF,原材料,包材,,,,,,,,,21,500,1,
10.06.01.052,TFmini-P单品包装盒,TF,原材料,包材,,,,,,,,,15,5000,1,
10.06.01.051,TFmini-P托盘,TF,原材料,包材,,,,,,,,,21,1000,1,
10.06.01.050,TF03吸塑上盖,TF,原材料,包材,,,,,,,,,21,5000,1,
10.06.01.049,TF03吸塑底壳,TF,原材料,包材,,,,,,,,,21,5000,1,
10.06.01.048,TF02-W泡棉托盘,TF,原材料,包材,,,,,,,,,21,100,1,
10.06.01.046,CE30-D 包装盒,TF,原材料,包材,,,,,,,,,21,100,1,
10.06.01.043,镀铝膜气泡袋,TF,原材料,包材,,,,,,,,,10,1000,1,
10.06.01.036,自封袋,TF,原材料,包材,,,,,,,,,10,100,1,
10.06.01.035,TF02包装箱,TF,原材料,包材,,,,,,,,,21,500,1,
10.06.01.034,TF02EPE泡棉盖板,TF,原材料,包材,,,,,,,,,21,125,1,
10.06.01.033,TF02EPE泡棉托盘,TF,原材料,包材,,,,,,,,,21,500,1,
10.06.01.026,磁吸式单品包装纸内托,TF,原材料,包材,,,,,,,,,21,500,1,
10.06.01.016,EPE静电袋,TF,原材料,包材,,,,,,,,,10,100,1,
10.06.01.014,EPE珍珠棉盖板,TF,原材料,包材,,,,,,,,,21,100,1,
10.06.01.001,包装箱,TF,原材料,包材,,,,,,,,,21,500,1,
10.04.13.415,,TF,原材料,电子料,,,,,,,,,45,200,1,
10.04.13.414,,TF,原材料,电子料,,,,,,,,,45,100,1,
10.04.13.413,,TF,原材料,电子料,,,,,,,,,45,100,1,
10.04.13.409,5m电源线(裸线) V1.6,TF,原材料,电子料,,,,,,,,,40,100,1,
10.04.13.404,电源适配器,TF,原材料,电子料,,,,,,,,,30,100,1,
10.04.13.403,15m网线 V1.6,TF,原材料,电子料,,,,,,,,,40,100,1,
10.04.13.402,15m电源线 V1.6,TF,原材料,电子料,,,,,,,,,40,100,1,
10.04.13.401,25m网线 V1.5,TF,原材料,电子料,,,,,,,,,40,100,1,
10.04.13.400,25m电源线 V1.5,TF,原材料,电子料,,,,,,,,,40,100,1,
10.04.13.399,TF03-MT线缆,TF,原材料,电子料,,,,,,,,,40,100,1,
10.04.13.398,Kiwi线缆,TF,原材料,电子料,,,,,,,,,40,100,1,
10.04.13.397,尾线线缆,TF,原材料,电子料,,,,,,,,,40,100,1,
10.04.13.394,TF03-ACS03 散线,TF,原材料,电子料,,,,,,,,,40,100,1,
10.04.13.393,航插电源线缆,TF,原材料,电子料,,,,,,,,,40,100,1,
10.04.13.076,TF02-i尾线,TF,原材料,电子料,,,,,,,,,40,100,1,
10.04.13.074,电源航插-V1.6,TF,原材料,电子料,,,,,,,,,40,100,1,
10.04.13.073,通讯航插-V1.6,TF,原材料,电子料,,,,,,,,,40,100,1,
10.04.13.072,航插通讯线缆,TF,原材料,电子料,,,,,,,,,40,100,1,
10.04.13.071,航插电源线缆,TF,原材料,电子料,,,,,,,,,40,100,1,
10.04.13.070,连接线-V1.6,TF,原材料,电子料,,,,,,,,,45,100,1,
10.04.13.067,TFmini-i 4P连接线,TF,原材料,电子料,,,,,,,,,40,100,1,
10.04.13.066,TF02-i 4P连接线,TF,原材料,电子料,,,,,,,,,40,100,1,
10.04.13.065,TF02-i尾线,TF,原材料,电子料,,,,,,,,,40,100,1,
10.04.13.064,TFmini-i-外部线缆 M9,TF,原材料,电子料,,,,,,,,,40,100,1,
10.04.13.063,连接线,TF,原材料,电子料,,,,,,,,,40,100,1,
10.04.13.059,STWXE端子调试线,TF,原材料,电子料,,,,,,,,,40,100,1,
10.04.13.058,连接线,TF,原材料,电子料,,,,,,,,,40,100,1,
10.04.13.057,电源适配器-YG-80W,TF,原材料,电子料,,,,,,,,,15,1,1,
10.04.13.055,航插通讯线缆,TF,原材料,电子料,,,,,,,,,40,100,1,
10.04.13.054,航插电源线缆,TF,原材料,电子料,,,,,,,,,40,100,1,
10.04.13.053,连接线,TF,原材料,电子料,,,,,,,,,40,100,1,
10.04.13.052,连接线,TF,原材料,电子料,,,,,,,,,40,100,1,
10.04.13.049,连接线,TF,原材料,电子料,,,,,,,,,40,100,1,
10.04.13.047,连接线,TF,原材料,电子料,,,,,,,,,40,100,1,
10.04.13.042,TFmini-P-2400线缆,TF,原材料,电子料,,,,,,,,,40,100,1,
10.04.13.041,TF03-MT线材,TF,原材料,电子料,,,,,,,,,40,100,1,
10.04.13.039,转接线,TF,原材料,电子料,,,,,,,,,40,100,1,
10.04.13.038,连接线,TF,原材料,电子料,,,,,,,,,40,100,1,
10.04.13.037,TF03带SR线缆,TF,原材料,电子料,,,,,,,,,40,100,1,
10.04.13.036,连接线,TF,原材料,电子料,,,,,,,,,15,100,1,
10.04.13.031,TFmini-S连接线,TF,原材料,电子料,,,,,,,,,40,100,1,
10.04.13.030,TF02-Pro-F尾线,TF,原材料,电子料,,,,,,,,,40,100,1,
10.04.13.029,TF-luna连接线,TF,原材料,电子料,,,,,,,,,40,100,1,
10.04.13.028,TF02-Pro尾线,TF,原材料,电子料,,,,,,,,,40,100,1,
10.04.13.024,4P转接线,TF,原材料,电子料,,,,,,,,,40,100,1,
10.04.13.019,连接线,TF,原材料,电子料,,,,,,,,,40,100,1,
10.04.13.018,连接线,TF,原材料,电子料,,,,,,,,,40,100,1,
10.04.13.016,TF02-W电源线,TF,原材料,电子料,,,,,,,,,40,100,1,
10.04.13.014,miniUSB连接线,TF,原材料,电子料,,,,,,,,,30,100,1,
10.04.13.013,端子调试线,TF,原材料,电子料,,,,,,,,,40,100,1,
10.04.13.002,STWXE端子调试线,TF,原材料,电子料,,,,,,,,,40,500,1,
10.04.12.099,TF02-Pro-W主板PCB,TF,原材料,电子料,,,,,,,,,30,100,1,
10.04.12.098,TFmini-S-A主板 PCB,TF,原材料,电子料,,,,,,,,,30,100,1,
10.04.12.097,TF02-Pro(UART)主板PCB,TF,原材料,电子料,,,,,,,,,30,100,1,
10.04.12.096,TFmini-S主板PCB,TF,原材料,电子料,,,,,,,,,30,100,1,
10.04.12.095,TF-luna PCB主板,TF,原材料,电子料,,,,,,,,,30,1500,1,
10.04.12.077,TF03-4~20mA PCB,TF,原材料,电子料,,,,,,,,,30,100,1,
10.04.12.075,S2R继电器PCB,TF,原材料,电子料,,,,,,,,,30,100,1,
10.04.12.074,TF03接收板PCB,TF,原材料,电子料,,,,,,,,,30,100,1,
10.04.12.073,TF03主板PCB,TF,原材料,电子料,,,,,,,,,30,80,1,
10.04.12.072,TF_485&CAN PCB_V1_0,TF,原材料,电子料,,,,,,,,,30,100,1,
10.04.12.071,接线盒板PCB,TF,原材料,电子料,,,,,,,,,30,100,1,
10.04.12.070,X2 棱镜驱动板,TF,原材料,电子料,,,,,,,,,30,100,1,
10.04.12.069,激光器接口转接板PCB,TF,原材料,电子料,,,,,,,,,30,200,1,
10.04.12.068,宽压航插板PCB,TF,原材料,电子料,,,,,,,,,30,100,1,
10.04.12.067,接收板-高增益PCB,TF,原材料,电子料,,,,,,,,,30,200,1,
10.04.12.066,FPGA板V2.4 PCB,TF,原材料,电子料,,,,,,,,,30,200,1,
10.04.12.065,接收板-低增益PCB,TF,原材料,电子料,,,,,,,,,30,200,1,
10.04.12.064,宽压航插板PCB,TF,原材料,电子料,,,,,,,,,30,200,1,
10.04.12.063,接收FPC软板PCB,TF,原材料,电子料,,,,,,,,,30,100,1,
10.04.12.061,S2R继电器PCB,TF,原材料,电子料,,,,,,,,,30,200,1,
10.04.12.060,X2 FPGA板 V2.11 PCB,TF,原材料,电子料,,,,,,,,,30,200,1,
10.04.12.058,X2 接收板,TF,原材料,电子料,,,,,,,,,30,200,1,
10.04.12.055,X2 APD偏压板,TF,原材料,电子料,,,,,,,,,30,200,1,
10.04.12.040,X-FPC板,TF,原材料,电子料,,,,,,,,,30,200,1,
10.04.12.039,X2 接收板,TF,原材料,电子料,,,,,,,,,30,200,1,
10.04.12.038,X2 宽压航插板,TF,原材料,电子料,,,,,,,,,30,200,1,
10.04.12.036,X2 棱镜驱动板,TF,原材料,电子料,,,,,,,,,30,200,1,
10.04.12.035,X2 FPGA板,TF,原材料,电子料,,,,,,,,,30,200,1,
10.04.12.034,TFmini-I²C-S升压模块板,TF,原材料,电子料,,,,,,,,,30,1000,1,
10.04.12.033,485_CAN Board PCB,TF,原材料,电子料,,,,,,,,,30,3000,1,
10.04.12.032,TF03-4~20mA PCB,TF,原材料,电子料,,,,,,,,,30,80,1,
10.04.12.031,CE30核心板 V2.4.1 PCB,TF,原材料,电子料,,,,,,,,,30,1000,1,
10.04.12.030,CE30-Sensor主板,TF,原材料,电子料,,,,,,,,,30,1000,1,
10.04.12.029,TF03-MFB-485板 PCB,TF,原材料,电子料,,,,,,,,,30,80,1,
10.04.12.027,TF03主板PCB,TF,原材料,电子料,,,,,,,,,30,80,1,
10.04.12.026,TF03接收板PCB,TF,原材料,电子料,,,,,,,,,30,150,1,
10.04.12.025,TF03 CAN功能板PCB,TF,原材料,电子料,,,,,,,,,30,80,1,
10.04.12.024,TF03发射板PCB,TF,原材料,电子料,,,,,,,,,30,150,1,
10.04.12.023,S2R继电器PCB,TF,原材料,电子料,,,,,,,,,30,600,1,
10.04.12.022,485转接板 PCB,TF,原材料,电子料,,,,,,,,,30,100,1,
10.04.12.021,TFmini Plus-L-2400主板PCB,TF,原材料,电子料,,,,,,,,,30,100,1,
10.04.12.017,TFmini-S主板PCB,TF,原材料,电子料,,,,,,,,,30,100,1,
10.04.12.014,TFmini Plus UART转CAN转接板PCB,TF,原材料,电子料,,,,,,,,,30,5000,1,
10.04.12.011,TF转接板,TF,原材料,电子料,,,,,,,,,30,200,1,
10.04.12.010,TF03接收板,TF,原材料,电子料,,,,,,,,,30,100,1,
10.04.12.009,TF03发射板,TF,原材料,电子料,,,,,,,,,30,100,1,
10.04.12.008,TF03主板,TF,原材料,电子料,,,,,,,,,30,80,1,
10.04.12.007,CE30-D发射板,TF,原材料,电子料,,,,,,,,,30,300,1,
10.04.12.003,CE30V2.3航插板PCB,TF,原材料,电子料,,,,,,,,,30,300,1,
10.04.11.002,机械继电器,TF,原材料,电子料,,,,,,,,,30,100,1,
10.04.10.003,贴片按键,TF,原材料,电子料,,,,,,,,,30,1000,1,
10.04.09.085,表贴电感,TF,原材料,电子料,,,,,,,,,100,1500,1,
10.04.09.084,自恢复保险丝,TF,原材料,电子料,,,,,,,,,30,4000,1,
10.04.09.083,表贴电感,TF,原材料,电子料,,,,,,,,,30,1000,1,
10.04.09.082,变压器,TF,原材料,电子料,,,,,,,,,30,1000,1,
10.04.09.081,贴片共模电感,TF,原材料,电子料,,,,,,,,,30,1000,1,
10.04.09.080,功率电感,TF,原材料,电子料,,,,,,,,,30,400,1,
10.04.09.079,自恢复保险丝,TF,原材料,电子料,,,,,,,,,30,3000,1,
10.04.09.078,滤波器,TF,原材料,电子料,,,,,,,,,60,6000,1,
10.04.09.077,贴片磁珠,TF,原材料,电子料,,,,,,,,,30,10000,1,
10.04.09.076,贴片磁珠,TF,原材料,电子料,,,,,,,,,30,10000,1,
10.04.09.075,贴片电感,TF,原材料,电子料,,,,,,,,,30,1500,1,
10.04.09.074,贴片电感,TF,原材料,电子料,,,,,,,,,30,2000,1,
10.04.09.073,贴片电感,TF,原材料,电子料,,,,,,,,,90,1000,1,
10.04.09.072,贴片电感,TF,原材料,电子料,,,,,,,,,90,2000,1,
10.04.09.071,贴片电感,TF,原材料,电子料,,,,,,,,,30,2000,1,
10.04.09.070,贴片电感,TF,原材料,电子料,,,,,,,,,30,3500,1,
10.04.09.069,贴片电感,TF,原材料,电子料,,,,,,,,,30,100,1,
10.04.09.067,贴片电感,TF,原材料,电子料,,,,,,,,,30,100,1,
10.04.09.066,贴片电感,TF,原材料,电子料,,,,,,,,,60,3000,1,
10.04.09.065,贴片电感,TF,原材料,电子料,,,,,,,,,84,3500,1,
10.04.09.064,贴片电感,TF,原材料,电子料,,,,,,,,,120,4500,1,
10.04.09.063,贴片共模电感,TF,原材料,电子料,,,,,,,,,150,2000,1,
10.04.09.062,表贴电感,TF,原材料,电子料,,,,,,,,,30,1000,1,
10.04.09.060,贴片磁珠,TF,原材料,电子料,,,,,,,,,30,4000,1,
10.04.09.059,表贴共模电感,TF,原材料,电子料,,,,,,,,,150,2000,1,
10.04.09.058,表贴共模电感,TF,原材料,电子料,,,,,,,,,245,1000,1,
10.04.09.057,自恢复保险丝,TF,原材料,电子料,,,,,,,,,30,3000,1,
10.04.09.056,表贴电感,TF,原材料,电子料,,,,,,,,,30,2000,1,
10.04.09.055,贴片磁珠,TF,原材料,电子料,,,,,,,,,30,10000,1,
10.04.09.054,贴片磁珠,TF,原材料,电子料,,,,,,,,,30,10000,1,
10.04.09.053,贴片磁珠,TF,原材料,电子料,,,,,,,,,30,10000,1,
10.04.09.046,贴片电感,TF,原材料,电子料,,,,,,,,,30,1500,1,
10.04.09.045,贴片磁珠,TF,原材料,电子料,,,,,,,,,30,10000,1,
10.04.09.041,贴片磁珠,TF,原材料,电子料,,,,,,,,,30,10000,1,
10.04.09.040,贴片电感,TF,原材料,电子料,,,,,,,,,30,2000,1,
10.04.09.038,贴片电感,TF,原材料,电子料,,,,,,,,,30,3000,1,
10.04.09.027,贴片共模电感,TF,原材料,电子料,,,,,,,,,30,500,1,
10.04.09.014,贴片电感,TF,原材料,电子料,,,,,,,,,30,2000,1,
10.04.09.013,贴片磁珠,TF,原材料,电子料,,,,,,,,,30,500,1,
10.04.08.019,有源晶体,TF,原材料,电子料,,,,,,,,,30,500,1,
10.04.08.018,有源晶振,TF,原材料,电子料,,,,,,,,,30,3000,1,
10.04.08.017,晶振,TF,原材料,电子料,,,,,,,,,30,1500,1,
10.04.08.016,贴片无源晶振,TF,原材料,电子料,,,,,,,,,30,3000,1,
10.04.08.015,贴片无源晶振,TF,原材料,电子料,,,,,,,,,30,3000,1,
10.04.08.013,贴片晶振,TF,原材料,电子料,,,,,,,,,30,3000,1,
10.04.08.012,贴片晶振,TF,原材料,电子料,,,,,,,,,30,3000,1,
10.04.08.007,无源贴片晶振,TF,原材料,电子料,,,,,,,,,30,100,1,
10.04.08.001,无源贴片晶振,TF,原材料,电子料,,,,,,,,,30,3000,1,
10.04.07.360,接口IC,TF,原材料,电子料,,,,,,,,,245,2500,1,
10.04.07.208,电源芯片,TF,原材料,电子料,,,,,,,,,84,3000,1,
10.04.07.205,转换器,TF,原材料,电子料,,,,,,,,,245,1000,1,
10.04.07.201,比较器,TF,原材料,电子料,,,,,,,,,30,3000,1,
10.04.07.200,Soc芯片,TF,原材料,电子料,,,,,,,,,280,500,1,
10.04.07.199,电源芯片,TF,原材料,电子料,,,,,,,,,30,3000,1,
10.04.07.198,接口芯片,TF,原材料,电子料,,,,,,,,,30,3000,1,
10.04.07.197,网口芯片,TF,原材料,电子料,,,,,,,,,365,750,1,
10.04.07.196,稳压器,TF,原材料,电子料,,,,,,,,,245,3000,1,
10.04.07.194,D/A芯片,TF,原材料,电子料,,,,,,,,,245,500,1,
10.04.07.193,比较器,TF,原材料,电子料,,,,,,,,,245,500,1,
10.04.07.192,比较器,TF,原材料,电子料,,,,,,,,,245,1000,1,
10.04.07.191,稳压器,TF,原材料,电子料,,,,,,,,,245,1000,1,
10.04.07.190,存储芯片,TF,原材料,电子料,,,,,,,,,30,1000,1,
10.04.07.188,RAM芯片,TF,原材料,电子料,,,,,,,,,90,2000,1,
10.04.07.187,PMOS,TF,原材料,电子料,,,,,,,,,30,2000,1,
10.04.07.186,温度传感器,TF,原材料,电子料,,,,,,,,,60,3000,1,
10.04.07.185,比较器,TF,原材料,电子料,,,,,,,,,365,500,1,
10.04.07.184,电源芯片,TF,原材料,电子料,,,,,,,,,30,2000,1,
10.04.07.183,N-MOSFET,TF,原材料,电子料,,,,,,,,,30,2500,1,
10.04.07.182,保护芯片,TF,原材料,电子料,,,,,,,,,365,2500,1,
10.04.07.181,稳压器,TF,原材料,电子料,,,,,,,,,245,3000,1,
10.04.07.180,逻辑门,TF,原材料,电子料,,,,,,,,,60,3000,1,
10.04.07.179,BLDC驱动芯片,TF,原材料,电子料,,,,,,,,,30,1000,1,
10.04.07.178,BLDC驱动芯片,TF,原材料,电子料,,,,,,,,,30,2500,1,
10.04.07.177,Soc芯片,TF,原材料,电子料,,,,,,,,,280,500,1,
10.04.07.176,FLASH芯片,TF,原材料,电子料,,,,,,,,,30,2500,1,
10.04.07.175,网口芯片,TF,原材料,电子料,,,,,,,,,30,500,1,
10.04.07.174,TDC芯片,TF,原材料,电子料,,,,,,,,,180,500,1,
10.04.07.173,电源芯片,TF,原材料,电子料,,,,,,,,,365,2500,1,
10.04.07.172,电源芯片,TF,原材料,电子料,,,,,,,,,365,2500,1,
10.04.07.171,稳压器,TF,原材料,电子料,,,,,,,,,365,2500,1,
10.04.07.170,基准芯片,TF,原材料,电子料,,,,,,,,,365,1000,1,
10.04.07.169,D/A芯片,TF,原材料,电子料,,,,,,,,,300,500,1,
10.04.07.168,运放芯片,TF,原材料,电子料,,,,,,,,,180,500,1,
10.04.07.167,逻辑芯片,TF,原材料,电子料,,,,,,,,,245,3000,1,
10.04.07.166,网络变压器,TF,原材料,电子料,,,,,,,,,30,1000,1,
10.04.07.165,接口芯片,TF,原材料,电子料,,,,,,,,,30,2500,1,
10.04.07.164,电源芯片,TF,原材料,电子料,,,,,,,,,245,3000,1,
10.04.07.163,稳压器,TF,原材料,电子料,,,,,,,,,245,3000,1,
10.04.07.162,负载开关,TF,原材料,电子料,,,,,,,,,30,3000,1,
10.04.07.161,电源芯片,TF,原材料,电子料,,,,,,,,,245,3000,1,
10.04.07.160,电源芯片,TF,原材料,电子料,,,,,,,,,365,2500,1,
10.04.07.159,NMOS,TF,原材料,电子料,,,,,,,,,30,3000,1,
10.04.07.158,电源芯片,TF,原材料,电子料,,,,,,,,,245,3000,1,
10.04.07.157,电源芯片,TF,原材料,电子料,,,,,,,,,30,3000,1,
10.04.07.156,电源芯片,TF,原材料,电子料,,,,,,,,,245,3000,1,
10.04.07.154,逻辑芯片,TF,原材料,电子料,,,,,,,,,245,3000,1,
10.04.07.153,IMU芯片,TF,原材料,电子料,,,,,,,,,30,5000,1,
10.04.07.152,TVS阵列,TF,原材料,电子料,,,,,,,,,30,3000,1,
10.04.07.151,比较器,TF,原材料,电子料,,,,,,,,,245,3000,1,
10.04.07.150,A/D芯片,TF,原材料,电子料,,,,,,,,,30,3000,1,
10.04.07.149,接口芯片,TF,原材料,电子料,,,,,,,,,30,1000,1,
10.04.07.147,单路模拟开关,TF,原材料,电子料,,,,,,,,,245,3000,1,
10.04.07.146,MCU,TF,原材料,电子料,,,,,,,,,140,2940,1,
10.04.07.145,稳压器,TF,原材料,电子料,,,,,,,,,245,3000,1,
10.04.07.144,MCU,TF,原材料,电子料,,,,,,,,,140,3000,1,
10.04.07.143,转换器,TF,原材料,电子料,,,,,,,,,365,2500,1,
10.04.07.142,稳压器,TF,原材料,电子料,,,,,,,,,245,100,1,
10.04.07.141,收发器,TF,原材料,电子料,,,,,,,,,365,2500,1,
10.04.07.140,变换器,TF,原材料,电子料,,,,,,,,,84,3000,1,
10.04.07.139,闪存,TF,原材料,电子料,,,,,,,,,140,3000,1,
10.04.07.137,开关稳压器,TF,原材料,电子料,,,,,,,,,245,3000,1,
10.04.07.136,转换器,TF,原材料,电子料,,,,,,,,,245,3000,1,
10.04.07.135,逻辑门,TF,原材料,电子料,,,,,,,,,245,5000,1,
10.04.07.134,MOSFET,TF,原材料,电子料,,,,,,,,,30,3000,1,
10.04.07.133,放大器,TF,原材料,电子料,,,,,,,,,245,3000,1,
10.04.07.132,转换器,TF,原材料,电子料,,,,,,,,,30,3000,1,
10.04.07.131,转换器,TF,原材料,电子料,,,,,,,,,30,3000,1,
10.04.07.130,稳压器,TF,原材料,电子料,,,,,,,,,30,250,1,
10.04.07.129,接口IC,TF,原材料,电子料,,,,,,,,,30,2500,1,
10.04.07.128,稳压器,TF,原材料,电子料,,,,,,,,,245,3000,1,
10.04.07.127,稳压器,TF,原材料,电子料,,,,,,,,,245,3000,1,
10.04.07.126,MCU,TF,原材料,电子料,,,,,,,,,140,3000,1,
10.04.07.125,低压差线性稳压器,TF,原材料,电子料,,,,,,,,,84,3000,1,
10.04.07.124,低压差稳压器,TF,原材料,电子料,,,,,,,,,245,3000,1,
10.04.07.123,运放,TF,原材料,电子料,,,,,,,,,245,3000,1,
10.04.07.119,稳压器,TF,原材料,电子料,,,,,,,,,245,3000,1,
10.04.07.118,ARM微控制器,TF,原材料,电子料,,,,,,,,,30,3000,1,
10.04.07.117,降压转换器,TF,原材料,电子料,,,,,,,,,245,3000,1,
10.04.07.110,ARM微控制器,TF,原材料,电子料,,,,,,,,,30,250,1,
10.04.07.109,232转换芯片,TF,原材料,电子料,,,,,,,,,60,2000,1,
10.04.07.105,LDO,TF,原材料,电子料,,,,,,,,,245,3000,1,
10.04.07.104,ARM微控制器,TF,原材料,电子料,,,,,,,,,30,250,1,
10.04.07.103,MCU,TF,原材料,电子料,,,,,,,,,140,3000,1,
10.04.07.102,传感器,TF,原材料,电子料,,,,,,,,,245,3000,1,
10.04.07.100,贴片IC,TF,原材料,电子料,,,,,,,,,30,3000,1,
10.04.07.098,驱动器,TF,原材料,电子料,,,,,,,,,245,3000,1,
10.04.07.097,复位监控器,TF,原材料,电子料,,,,,,,,,30,3000,1,
10.04.07.095,放大器,TF,原材料,电子料,,,,,,,,,30,2500,1,
10.04.07.094,放大器,TF,原材料,电子料,,,,,,,,,245,3000,1,
10.04.07.093,放大器,TF,原材料,电子料,,,,,,,,,365,5000,1,
10.04.07.092,比较器,TF,原材料,电子料,,,,,,,,,365,2500,1,
10.04.07.091,MOS管,TF,原材料,电子料,,,,,,,,,300,5000,1,
10.04.07.089,MCU,TF,原材料,电子料,,,,,,,,,30,960,1,
10.04.07.088,CAN收发器,TF,原材料,电子料,,,,,,,,,30,2500,1,
10.04.07.087,APD,TF,原材料,电子料,,,,,,,,,30,1000,1,
10.04.07.086,转换器,TF,原材料,电子料,,,,,,,,,30,3000,1,
10.04.07.085,转换器,TF,原材料,电子料,,,,,,,,,120,5000,1,
10.04.07.084,稳压器,TF,原材料,电子料,,,,,,,,,30,3000,1,
10.04.07.083,变换器,TF,原材料,电子料,,,,,,,,,245,3000,1,
10.04.07.073,集成电路,TF,原材料,电子料,,,,,,,,,30,3000,1,
10.04.07.072,集成电路,TF,原材料,电子料,,,,,,,,,30,3000,1,
10.04.07.071,集成电路,TF,原材料,电子料,,,,,,,,,30,1000,1,
10.04.07.063,缓冲器,TF,原材料,电子料,,,,,,,,,245,3000,1,
10.04.07.061,接口IC,TF,原材料,电子料,,,,,,,,,60,2500,1,
10.04.07.042,稳压器,TF,原材料,电子料,,,,,,,,,245,3000,1,
10.04.07.026,MPU,TF,原材料,电子料,,,,,,,,,30,2500,1,
10.04.07.014,收发器,TF,原材料,电子料,,,,,,,,,245,3000,1,
10.04.06.092,通讯航插头,TF,原材料,电子料,,,,,,,,,30,100,1,
10.04.06.091,立式连接器,TF,原材料,电子料,,,,,,,,,15,100,1,
10.04.06.090,立式连接器,TF,原材料,电子料,,,,,,,,,30,500,1,
10.04.06.089,FPC/FFC连接器,TF,原材料,电子料,,,,,,,,,30,230,1,
10.04.06.088,电源航插内芯,TF,原材料,电子料,,,,,,,,,120,100,1,
10.04.06.087,通讯航插内芯,TF,原材料,电子料,,,,,,,,,90,100,1,
10.04.06.086,卧贴连接器,TF,原材料,电子料,,,,,,,,,30,3500,1,
10.04.06.085,立贴连接器,TF,原材料,电子料,,,,,,,,,30,500,1,
10.04.06.084,立贴连接器,TF,原材料,电子料,,,,,,,,,30,2000,1,
10.04.06.083,立贴连接器,TF,原材料,电子料,,,,,,,,,30,2000,1,
10.04.06.082,单排插针,TF,原材料,电子料,,,,,,,,,30,200,1,
10.04.06.081,单排插针,TF,原材料,电子料,,,,,,,,,30,200,1,
10.04.06.080,单排插针,TF,原材料,电子料,,,,,,,,,30,200,1,
10.04.06.079,天线座,TF,原材料,电子料,,,,,,,,,30,5000,1,
10.04.06.078,卧贴连接器,TF,原材料,电子料,,,,,,,,,30,1000,1,
10.04.06.077,板对板与夹层连接器,TF,原材料,电子料,,,,,,,,,30,1000,1,
10.04.06.076,卧式连接器,TF,原材料,电子料,,,,,,,,,150,1000,1,
10.04.06.075,电源航插座,TF,原材料,电子料,,,,,,,,,210,100,1,
10.04.06.074,通讯航插座,TF,原材料,电子料,,,,,,,,,210,100,1,
10.04.06.073,FPC连接器,TF,原材料,电子料,,,,,,,,,30,1000,1,
10.04.06.072,双排插针,TF,原材料,电子料,,,,,,,,,30,1000,1,
10.04.06.071,板对板对接连接器,TF,原材料,电子料,,,,,,,,,30,1000,1,
10.04.06.070,立贴连接器,TF,原材料,电子料,,,,,,,,,30,650,1,
10.04.06.069,板对板与夹层连接器,TF,原材料,电子料,,,,,,,,,30,100,1,
10.04.06.068,连接器,TF,原材料,电子料,,,,,,,,,210,1000,1,
10.04.06.067,立贴连接器,TF,原材料,电子料,,,,,,,,,30,1000,1,
10.04.06.066,卧贴连接器,TF,原材料,电子料,,,,,,,,,60,3000,1,
10.04.06.065,弹片,TF,原材料,电子料,,,,,,,,,10,3500,1,
10.04.06.064,屏蔽罩夹子,TF,原材料,电子料,,,,,,,,,7,10000,1,
10.04.06.063,立贴连接器,TF,原材料,电子料,,,,,,,,,30,1000,1,
10.04.06.062,卧贴连接器,TF,原材料,电子料,,,,,,,,,30,1500,1,
10.04.06.061,跳线帽,TF,原材料,电子料,,,,,,,,,30,2000,1,
10.04.06.060,插针,TF,原材料,电子料,,,,,,,,,30,1000,1,
10.04.06.059,连接端子,TF,原材料,电子料,,,,,,,,,30,2000,1,
10.04.06.058,卧贴连接器,TF,原材料,电子料,,,,,,,,,30,10000,1,
10.04.06.053,接线端子,TF,原材料,电子料,,,,,,,,,30,1200,1,
10.04.06.052,接插件,TF,原材料,电子料,,,,,,,,,30,520,1,
10.04.06.049,卧贴连接器,TF,原材料,电子料,,,,,,,,,30,1000,1,
10.04.06.048,卧贴连接器,TF,原材料,电子料,,,,,,,,,30,3000,1,
10.04.06.045,连接器,TF,原材料,电子料,,,,,,,,,90,3500,1,
10.04.06.044,连接器,TF,原材料,电子料,,,,,,,,,90,3500,1,
10.04.06.043,连接器,TF,原材料,电子料,,,,,,,,,30,100,1,
10.04.06.042,弹片,TF,原材料,电子料,,,,,,,,,10,10,1,
10.04.06.041,卧贴连接器,TF,原材料,电子料,,,,,,,,,60,2000,1,
10.04.06.040,卧贴连接器,TF,原材料,电子料,,,,,,,,,60,2000,1,
10.04.06.019,卧贴连接器,TF,原材料,电子料,,,,,,,,,30,10000,1,
10.04.06.009,miniUSB座,TF,原材料,电子料,,,,,,,,,30,1000,1,
10.04.06.006,卧贴连接器,TF,原材料,电子料,,,,,,,,,30,1000,1,
10.04.06.005,卧贴连接器,TF,原材料,电子料,,,,,,,,,30,2000,1,
10.04.04.020,贴片三极管,TF,原材料,电子料,,,,,,,,,30,3000,1,
10.04.04.019,电压基准,TF,原材料,电子料,,,,,,,,,30,3000,1,
10.04.04.018,MOSFET,TF,原材料,电子料,,,,,,,,,30,3000,1,
10.04.04.017,贴片三极管,TF,原材料,电子料,,,,,,,,,30,3000,1,
10.04.04.016,ESD器件,TF,原材料,电子料,,,,,,,,,30,3000,1,
10.04.04.014,贴片三极管,TF,原材料,电子料,,,,,,,,,30,3000,1,
10.04.04.008,贴片三极管,TF,原材料,电子料,,,,,,,,,30,3000,1,
10.04.04.003,贴片三极管,TF,原材料,电子料,,,,,,,,,30,3000,1,
10.04.03.141,激光器VCSEL,TF,原材料,电子料,,,,,,,,,30,5000,1,
10.04.03.128,TVS二极管,TF,原材料,电子料,,,,,,,,,70,15000,1,
10.04.03.126,TVS二极管,TF,原材料,电子料,,,,,,,,,60,15000,1,
10.04.03.118,光电二极管,TF,原材料,电子料,,,,,,,,,45,100,1,
10.04.03.097,指示光,TF,原材料,电子料,,,,,,,,,10,1,1,
10.04.03.096,TVS二极管,TF,原材料,电子料,,,,,,,,,30,3000,1,
10.04.03.095,TVS二极管,TF,原材料,电子料,,,,,,,,,30,3000,1,
10.04.03.093,TVS二极管,TF,原材料,电子料,,,,,,,,,30,5000,1,
10.04.03.092,TVS二极管,TF,原材料,电子料,,,,,,,,,60,5000,1,
10.04.03.091,贴片二极管,TF,原材料,电子料,,,,,,,,,30,1800,1,
10.04.03.089,TVS二极管,TF,原材料,电子料,,,,,,,,,30,3000,1,
10.04.03.087,肖特基二极管,TF,原材料,电子料,,,,,,,,,60,3000,1,
10.04.03.086,脉冲半导体激光器,TF,原材料,电子料,,,,,,,,,30,100,1,
10.04.03.085,OLED显示屏,TF,原材料,电子料,,,,,,,,,10,150,1,
10.04.03.084,稳压二极管,TF,原材料,电子料,,,,,,,,,30,3000,1,
10.04.03.083,肖特基二极管,TF,原材料,电子料,,,,,,,,,30,3000,1,
10.04.03.081,发光二极管,TF,原材料,电子料,,,,,,,,,30,3000,1,
10.04.03.080,光电二极管,TF,原材料,电子料,,,,,,,,,30,1000,1,
10.04.03.079,贴片二极管,TF,原材料,电子料,,,,,,,,,30,3000,1,
10.04.03.078,贴片二极管,TF,原材料,电子料,,,,,,,,,30,3000,1,
10.04.03.077,直插TVS管,TF,原材料,电子料,,,,,,,,,30,1200,1,
10.04.03.076,TVS管,TF,原材料,电子料,,,,,,,,,30,3000,1,
10.04.03.075,肖特基二极管,TF,原材料,电子料,,,,,,,,,30,3000,1,
10.04.03.074,TVS管,TF,原材料,电子料,,,,,,,,,30,3000,1,
10.04.03.073,肖特基二极管,TF,原材料,电子料,,,,,,,,,30,1800,1,
10.04.03.070,TVS二极管,TF,原材料,电子料,,,,,,,,,30,3000,1,
10.04.03.069,肖特基二极管,TF,原材料,电子料,,,,,,,,,30,3000,1,
10.04.03.068,稳压二极管,TF,原材料,电子料,,,,,,,,,30,3000,1,
10.04.03.067,肖特基二极管,TF,原材料,电子料,,,,,,,,,30,3000,1,
10.04.03.066,TVS二极管,TF,原材料,电子料,,,,,,,,,60,3000,1,
10.04.03.065,稳压二极管,TF,原材料,电子料,,,,,,,,,30,3000,1,
10.04.03.064,肖特基二极管,TF,原材料,电子料,,,,,,,,,30,3000,1,
10.04.03.063,TVS二极管,TF,原材料,电子料,,,,,,,,,30,3000,1,
10.04.03.062,TVS二极管,TF,原材料,电子料,,,,,,,,,30,3000,1,
10.04.03.061,TVS二极管,TF,原材料,电子料,,,,,,,,,30,3000,1,
10.04.03.060,稳压二极管,TF,原材料,电子料,,,,,,,,,30,200,1,
10.04.03.059,TVS二极管,TF,原材料,电子料,,,,,,,,,30,5000,1,
10.04.03.058,PIN管,TF,原材料,电子料,,,,,,,,,0,3000,1,
10.04.03.057,激光器VCSEL,TF,原材料,电子料,,,,,,,,,30,1000,1,
10.04.03.055,光电二极管,TF,原材料,电子料,,,,,,,,,100,2000,1,
10.04.03.054,二极管,TF,原材料,电子料,,,,,,,,,30,2000,1,
10.04.03.050,贴片LED,TF,原材料,电子料,,,,,,,,,30,4000,1,
10.04.03.049,ESD二极管,TF,原材料,电子料,,,,,,,,,15,10000,1,
10.04.03.047,LD激光器,TF,原材料,电子料,,,,,,,,,30,1000,1,
10.04.03.046,开关二极管,TF,原材料,电子料,,,,,,,,,30,3000,1,
10.04.03.045,TVS管,TF,原材料,电子料,,,,,,,,,30,10000,1,
10.04.03.044,ESD二极管,TF,原材料,电子料,,,,,,,,,30,10000,1,
10.04.03.043,贴片肖特基二极管,TF,原材料,电子料,,,,,,,,,30,8000,1,
10.04.03.037,贴片二极管,TF,原材料,电子料,,,,,,,,,30,0,1,
10.04.03.030,贴片LED,TF,原材料,电子料,,,,,,,,,30,3000,1,
10.04.03.029,TVS二极管,TF,原材料,电子料,,,,,,,,,30,3000,1,
10.04.03.024,贴片LED,TF,原材料,电子料,,,,,,,,,100,2000,1,
10.04.03.022,贴片TVS二极管,TF,原材料,电子料,,,,,,,,,200,3000,1,
10.04.03.018,贴片开关二极管,TF,原材料,电子料,,,,,,,,,30,8000,1,
10.04.03.009,贴片LED,TF,原材料,电子料,,,,,,,,,30,3000,1,
10.04.03.007,贴片LED,TF,原材料,电子料,,,,,,,,,30,0,1,
10.04.03.003,贴片肖特基二极管,TF,原材料,电子料,,,,,,,,,245,3000,1,
10.04.03.002,贴片开关二极管,TF,原材料,电子料,,,,,,,,,30,3000,1,
10.04.02.416,贴片电容,TF,原材料,电子料,,,,,,,,,30,10000,1,
10.04.02.248,贴片电容,TF,原材料,电子料,,,,,,,,,30,1000,1,
10.04.02.246,钽电容,TF,原材料,电子料,,,,,,,,,30,2000,1,
10.04.02.245,贴片电解电容,TF,原材料,电子料,,,,,,,,,30,100,1,
10.04.02.244,贴片电容,TF,原材料,电子料,,,,,,,,,30,4000,1,
10.04.02.243,贴片电容,TF,原材料,电子料,,,,,,,,,30,4000,1,
10.04.02.242,贴片电容,TF,原材料,电子料,,,,,,,,,30,4000,1,
10.04.02.241,贴片电容,TF,原材料,电子料,,,,,,,,,30,15000,1,
10.04.02.240,贴片电容,TF,原材料,电子料,,,,,,,,,30,10000,1,
10.04.02.239,贴片电容,TF,原材料,电子料,,,,,,,,,30,3000,1,
10.04.02.238,贴片电容,TF,原材料,电子料,,,,,,,,,30,10000,1,
10.04.02.237,贴片电容,TF,原材料,电子料,,,,,,,,,30,10000,1,
10.04.02.236,贴片电容,TF,原材料,电子料,,,,,,,,,30,10000,1,
10.04.02.235,贴片电容,TF,原材料,电子料,,,,,,,,,30,3000,1,
10.04.02.234,贴片电容,TF,原材料,电子料,,,,,,,,,30,10000,1,
10.04.02.233,贴片电容,TF,原材料,电子料,,,,,,,,,30,15000,1,
10.04.02.232,贴片电容,TF,原材料,电子料,,,,,,,,,30,4000,1,
10.04.02.231,贴片电容,TF,原材料,电子料,,,,,,,,,30,15000,1,
10.04.02.230,贴片电容,TF,原材料,电子料,,,,,,,,,30,4000,1,
10.04.02.229,贴片电容,TF,原材料,电子料,,,,,,,,,30,10000,1,
10.04.02.228,贴片电容,TF,原材料,电子料,,,,,,,,,30,15000,1,
10.04.02.227,贴片电容,TF,原材料,电子料,,,,,,,,,30,10000,1,
10.04.02.226,贴片电容,TF,原材料,电子料,,,,,,,,,30,4000,1,
10.04.02.225,贴片电容,TF,原材料,电子料,,,,,,,,,30,10000,1,
10.04.02.224,贴片电容,TF,原材料,电子料,,,,,,,,,30,3000,1,
10.04.02.223,贴片电容,TF,原材料,电子料,,,,,,,,,30,10000,1,
10.04.02.222,贴片电容,TF,原材料,电子料,,,,,,,,,30,10000,1,
10.04.02.221,贴片电容,TF,原材料,电子料,,,,,,,,,30,4000,1,
10.04.02.220,贴片电容,TF,原材料,电子料,,,,,,,,,30,10000,1,
10.04.02.219,贴片电容,TF,原材料,电子料,,,,,,,,,30,10000,1,
10.04.02.218,贴片电容,TF,原材料,电子料,,,,,,,,,30,2000,1,
10.04.02.217,贴片电容,TF,原材料,电子料,,,,,,,,,30,3000,1,
10.04.02.216,贴片铝电解电容,TF,原材料,电子料,,,,,,,,,30,2000,1,
10.04.02.215,贴片铝电解电容,TF,原材料,电子料,,,,,,,,,30,2000,1,
10.04.02.214,贴片3端子电容,TF,原材料,电子料,,,,,,,,,170,2000,1,
10.04.02.213,贴片电容,TF,原材料,电子料,,,,,,,,,30,10000,1,
10.04.02.212,贴片电容,TF,原材料,电子料,,,,,,,,,30,10000,1,
10.04.02.211,贴片电容,TF,原材料,电子料,,,,,,,,,30,4000,1,
10.04.02.210,贴片电容,TF,原材料,电子料,,,,,,,,,30,15000,1,
10.04.02.209,贴片电容,TF,原材料,电子料,,,,,,,,,30,10000,1,
10.04.02.207,贴片电容,TF,原材料,电子料,,,,,,,,,30,10000,1,
10.04.02.206,贴片电容,TF,原材料,电子料,,,,,,,,,30,4000,1,
10.04.02.204,贴片电容,TF,原材料,电子料,,,,,,,,,30,15000,1,
10.04.02.203,贴片电容,TF,原材料,电子料,,,,,,,,,30,15000,1,
10.04.02.202,贴片电容,TF,原材料,电子料,,,,,,,,,30,15000,1,
10.04.02.201,钽电容,TF,原材料,电子料,,,,,,,,,30,2000,1,
10.04.02.200,钽电容,TF,原材料,电子料,,,,,,,,,30,2000,1,
10.04.02.199,贴片电容,TF,原材料,电子料,,,,,,,,,30,2000,1,
10.04.02.198,贴片电容,TF,原材料,电子料,,,,,,,,,30,15000,1,
10.04.02.197,贴片电容,TF,原材料,电子料,,,,,,,,,30,15000,1,
10.04.02.196,贴片电容,TF,原材料,电子料,,,,,,,,,30,10000,1,
10.04.02.195,贴片电容,TF,原材料,电子料,,,,,,,,,30,15000,1,
10.04.02.194,贴片电容,TF,原材料,电子料,,,,,,,,,30,15000,1,
10.04.02.193,贴片电容,TF,原材料,电子料,,,,,,,,,30,2000,1,
10.04.02.192,贴片电容,TF,原材料,电子料,,,,,,,,,30,2000,1,
10.04.02.191,贴片电容,TF,原材料,电子料,,,,,,,,,30,15000,1,
10.04.02.190,贴片电容,TF,原材料,电子料,,,,,,,,,30,4000,1,
10.04.02.189,贴片电容,TF,原材料,电子料,,,,,,,,,30,1000,1,
10.04.02.188,贴片电容,TF,原材料,电子料,,,,,,,,,30,2000,1,
10.04.02.187,贴片电容,TF,原材料,电子料,,,,,,,,,30,4000,1,
10.04.02.186,贴片电容,TF,原材料,电子料,,,,,,,,,30,2000,1,
10.04.02.185,贴片电容,TF,原材料,电子料,,,,,,,,,30,10000,1,
10.04.02.184,贴片电容,TF,原材料,电子料,,,,,,,,,30,15000,1,
10.04.02.183,贴片电容,TF,原材料,电子料,,,,,,,,,30,1000,1,
10.04.02.182,贴片电容,TF,原材料,电子料,,,,,,,,,30,15000,1,
10.04.02.181,贴片电容,TF,原材料,电子料,,,,,,,,,30,2000,1,
10.04.02.180,贴片电容,TF,原材料,电子料,,,,,,,,,30,15000,1,
10.04.02.178,贴片电容,TF,原材料,电子料,,,,,,,,,60,15000,1,
10.04.02.174,贴片电容,TF,原材料,电子料,,,,,,,,,30,4000,1,
10.04.02.173,贴片3端子电容,TF,原材料,电子料,,,,,,,,,170,4000,1,
10.04.02.172,贴片电容,TF,原材料,电子料,,,,,,,,,30,2000,1,
10.04.02.171,贴片电容,TF,原材料,电子料,,,,,,,,,30,4000,1,
10.04.02.170,贴片电容,TF,原材料,电子料,,,,,,,,,30,10000,1,
10.04.02.169,贴片电容,TF,原材料,电子料,,,,,,,,,30,15000,1,
10.04.02.168,贴片电容,TF,原材料,电子料,,,,,,,,,30,15000,1,
10.04.02.167,贴片电容,TF,原材料,电子料,,,,,,,,,30,15000,1,
10.04.02.166,贴片电容,TF,原材料,电子料,,,,,,,,,30,15000,1,
10.04.02.165,贴片电容,TF,原材料,电子料,,,,,,,,,30,10000,1,
10.04.02.164,贴片电容,TF,原材料,电子料,,,,,,,,,30,15000,1,
10.04.02.163,贴片电容,TF,原材料,电子料,,,,,,,,,30,10000,1,
10.04.02.162,贴片电容,TF,原材料,电子料,,,,,,,,,30,4000,1,
10.04.02.159,贴片电容,TF,原材料,电子料,,,,,,,,,30,10000,1,
10.04.02.158,贴片电容,TF,原材料,电子料,,,,,,,,,30,15000,1,
10.04.02.156,贴片电容,TF,原材料,电子料,,,,,,,,,30,15000,1,
10.04.02.155,贴片电容,TF,原材料,电子料,,,,,,,,,30,2000,1,
10.04.02.154,贴片电容,TF,原材料,电子料,,,,,,,,,30,10000,1,
10.04.02.152,贴片电容,TF,原材料,电子料,,,,,,,,,30,1000,1,
10.04.02.151,贴片电容,TF,原材料,电子料,,,,,,,,,30,10000,1,
10.04.02.149,贴片电容,TF,原材料,电子料,,,,,,,,,30,10000,1,
10.04.02.148,贴片电容,TF,原材料,电子料,,,,,,,,,30,10000,1,
10.04.02.147,贴片电容,TF,原材料,电子料,,,,,,,,,30,10000,1,
10.04.02.143,贴片电容,TF,原材料,电子料,,,,,,,,,30,10000,1,
10.04.02.138,贴片电容,TF,原材料,电子料,,,,,,,,,30,10000,1,
10.04.02.135,贴片电容,TF,原材料,电子料,,,,,,,,,30,10000,1,
10.04.02.130,贴片电容,TF,原材料,电子料,,,,,,,,,30,10000,1,
10.04.02.124,贴片电容,TF,原材料,电子料,,,,,,,,,30,4000,1,
10.04.02.117,贴片钽电容,TF,原材料,电子料,,,,,,,,,30,2000,1,
10.04.02.113,贴片电容,TF,原材料,电子料,,,,,,,,,30,4000,1,
10.04.02.112,贴片电容,TF,原材料,电子料,,,,,,,,,30,10000,1,
10.04.02.110,贴片电容,TF,原材料,电子料,,,,,,,,,30,10000,1,
10.04.02.109,贴片电容,TF,原材料,电子料,,,,,,,,,30,10000,1,
10.04.02.107,贴片电容,TF,原材料,电子料,,,,,,,,,30,10000,1,
10.04.02.106,贴片电容,TF,原材料,电子料,,,,,,,,,30,10000,1,
10.04.02.091,贴片电容,TF,原材料,电子料,,,,,,,,,30,10000,1,
10.04.02.081,贴片电容,TF,原材料,电子料,,,,,,,,,30,10000,1,
10.04.02.073,贴片电容,TF,原材料,电子料,,,,,,,,,30,10000,1,
10.04.02.072,贴片电容,TF,原材料,电子料,,,,,,,,,30,4000,1,
10.04.02.071,贴片电容,TF,原材料,电子料,,,,,,,,,30,10000,1,
10.04.02.066,贴片电容,TF,原材料,电子料,,,,,,,,,30,4000,1,
10.04.02.065,贴片电容,TF,原材料,电子料,,,,,,,,,30,10000,1,
10.04.02.061,贴片电容,TF,原材料,电子料,,,,,,,,,30,4000,1,
10.04.02.056,贴片电容,TF,原材料,电子料,,,,,,,,,30,10000,1,
10.04.02.055,贴片电容,TF,原材料,电子料,,,,,,,,,30,4000,1,
10.04.02.053,贴片电容,TF,原材料,电子料,,,,,,,,,30,10000,1,
10.04.02.052,贴片电容,TF,原材料,电子料,,,,,,,,,30,2000,1,
10.04.02.051,贴片电容,TF,原材料,电子料,,,,,,,,,30,10000,1,
10.04.02.047,贴片电容,TF,原材料,电子料,,,,,,,,,30,4000,1,
10.04.02.021,贴片电容,TF,原材料,电子料,,,,,,,,,30,4000,1,
10.04.02.016,贴片电容,TF,原材料,电子料,,,,,,,,,30,4000,1,
10.04.02.013,贴片电容,TF,原材料,电子料,,,,,,,,,30,2000,1,
10.04.02.010,贴片电容,TF,原材料,电子料,,,,,,,,,30,4000,1,
10.04.02.004,贴片电容,TF,原材料,电子料,,,,,,,,,30,10000,1,
10.04.02.003,贴片电容,TF,原材料,电子料,,,,,,,,,30,10000,1,
10.04.02.002,贴片电容,TF,原材料,电子料,,,,,,,,,30,10000,1,
10.04.02.001,贴片电容,TF,原材料,电子料,,,,,,,,,30,10000,1,
10.04.01.427,色环电阻,TF,原材料,电子料,,,,,,,,,30,100,1,
10.04.01.389,贴片电阻,TF,原材料,电子料,,,,,,,,,100,10000,1,
10.04.01.373,贴片电阻,TF,原材料,电子料,,,,,,,,,30,10000,1,
10.04.01.361,贴片电阻,TF,原材料,电子料,,,,,,,,,30,5000,1,
10.04.01.360,贴片电阻,TF,原材料,电子料,,,,,,,,,30,10000,1,
10.04.01.359,贴片电阻,TF,原材料,电子料,,,,,,,,,30,10000,1,
10.04.01.358,贴片电阻,TF,原材料,电子料,,,,,,,,,30,10000,1,
10.04.01.352,贴片电阻,TF,原材料,电子料,,,,,,,,,30,10000,1,
10.04.01.351,贴片电阻,TF,原材料,电子料,,,,,,,,,30,10000,1,
10.04.01.350,贴片电阻,TF,原材料,电子料,,,,,,,,,30,10000,1,
10.04.01.349,贴片电阻,TF,原材料,电子料,,,,,,,,,30,10000,1,
10.04.01.348,贴片电阻,TF,原材料,电子料,,,,,,,,,30,10000,1,
10.04.01.347,贴片电阻,TF,原材料,电子料,,,,,,,,,30,10000,1,
10.04.01.346,贴片电阻,TF,原材料,电子料,,,,,,,,,30,10000,1,
10.04.01.345,贴片电阻,TF,原材料,电子料,,,,,,,,,30,10000,1,
10.04.01.344,贴片电阻,TF,原材料,电子料,,,,,,,,,30,10000,1,
10.04.01.343,贴片电阻,TF,原材料,电子料,,,,,,,,,30,10000,1,
10.04.01.342,贴片电阻,TF,原材料,电子料,,,,,,,,,30,10000,1,
10.04.01.341,贴片电阻,TF,原材料,电子料,,,,,,,,,30,10000,1,
10.04.01.340,贴片电阻,TF,原材料,电子料,,,,,,,,,30,10000,1,
10.04.01.339,贴片电阻,TF,原材料,电子料,,,,,,,,,30,10000,1,
10.04.01.338,贴片电阻,TF,原材料,电子料,,,,,,,,,30,10000,1,
10.04.01.337,贴片电阻,TF,原材料,电子料,,,,,,,,,30,10000,1,
10.04.01.336,贴片电阻,TF,原材料,电子料,,,,,,,,,30,10000,1,
10.04.01.335,贴片电阻,TF,原材料,电子料,,,,,,,,,30,5000,1,
10.04.01.334,贴片电阻,TF,原材料,电子料,,,,,,,,,30,5000,1,
10.04.01.333,贴片电阻,TF,原材料,电子料,,,,,,,,,30,10000,1,
10.04.01.332,贴片电阻,TF,原材料,电子料,,,,,,,,,30,10000,1,
10.04.01.331,贴片电阻,TF,原材料,电子料,,,,,,,,,30,10000,1,
10.04.01.330,贴片电阻,TF,原材料,电子料,,,,,,,,,30,10000,1,
10.04.01.329,贴片电阻,TF,原材料,电子料,,,,,,,,,30,10000,1,
10.04.01.328,贴片电阻,TF,原材料,电子料,,,,,,,,,30,10000,1,
10.04.01.327,贴片电阻,TF,原材料,电子料,,,,,,,,,30,10000,1,
10.04.01.326,贴片电阻,TF,原材料,电子料,,,,,,,,,30,10000,1,
10.04.01.325,贴片电阻,TF,原材料,电子料,,,,,,,,,30,10000,1,
10.04.01.324,贴片电阻,TF,原材料,电子料,,,,,,,,,30,10000,1,
10.04.01.323,贴片电阻,TF,原材料,电子料,,,,,,,,,30,10000,1,
10.04.01.322,贴片电阻,TF,原材料,电子料,,,,,,,,,30,10000,1,
10.04.01.321,贴片电阻,TF,原材料,电子料,,,,,,,,,30,10000,1,
10.04.01.320,贴片电阻,TF,原材料,电子料,,,,,,,,,30,10000,1,
10.04.01.319,贴片电阻,TF,原材料,电子料,,,,,,,,,30,10000,1,
10.04.01.318,贴片电阻,TF,原材料,电子料,,,,,,,,,30,10000,1,
10.04.01.317,贴片电阻,TF,原材料,电子料,,,,,,,,,30,10000,1,
10.04.01.316,贴片电阻,TF,原材料,电子料,,,,,,,,,30,10000,1,
10.04.01.315,贴片电阻,TF,原材料,电子料,,,,,,,,,30,10000,1,
10.04.01.314,贴片电阻,TF,原材料,电子料,,,,,,,,,30,10000,1,
10.04.01.313,贴片电阻,TF,原材料,电子料,,,,,,,,,30,10000,1,
10.04.01.312,贴片电阻,TF,原材料,电子料,,,,,,,,,30,10000,1,
10.04.01.311,贴片电阻,TF,原材料,电子料,,,,,,,,,30,10000,1,
10.04.01.310,贴片电阻,TF,原材料,电子料,,,,,,,,,30,10000,1,
10.04.01.309,贴片电阻,TF,原材料,电子料,,,,,,,,,30,10000,1,
10.04.01.308,贴片电阻,TF,原材料,电子料,,,,,,,,,30,2000,1,
10.04.01.307,贴片压敏电阻,TF,原材料,电子料,,,,,,,,,98,1000,1,
10.04.01.306,贴片电阻,TF,原材料,电子料,,,,,,,,,30,2000,1,
10.04.01.305,贴片电阻,TF,原材料,电子料,,,,,,,,,30,2000,1,
10.04.01.304,贴片电阻,TF,原材料,电子料,,,,,,,,,30,10000,1,
10.04.01.303,贴片电阻,TF,原材料,电子料,,,,,,,,,30,10000,1,
10.04.01.301,贴片电阻,TF,原材料,电子料,,,,,,,,,60,15000,1,
10.04.01.300,贴片电阻,TF,原材料,电子料,,,,,,,,,30,10000,1,
10.04.01.299,贴片电阻,TF,原材料,电子料,,,,,,,,,60,10000,1,
10.04.01.298,贴片电阻,TF,原材料,电子料,,,,,,,,,90,10000,1,
10.04.01.297,贴片电阻,TF,原材料,电子料,,,,,,,,,30,5000,1,
10.04.01.296,贴片电阻,TF,原材料,电子料,,,,,,,,,30,5000,1,
10.04.01.295,贴片电阻,TF,原材料,电子料,,,,,,,,,60,10000,1,
10.04.01.294,贴片电阻,TF,原材料,电子料,,,,,,,,,30,10000,1,
10.04.01.293,贴片电阻,TF,原材料,电子料,,,,,,,,,60,15000,1,
10.04.01.292,贴片电阻,TF,原材料,电子料,,,,,,,,,30,10000,1,
10.04.01.291,贴片电阻,TF,原材料,电子料,,,,,,,,,30,10000,1,
10.04.01.290,贴片电阻,TF,原材料,电子料,,,,,,,,,30,10000,1,
10.04.01.289,贴片电阻,TF,原材料,电子料,,,,,,,,,30,10000,1,
10.04.01.287,贴片电阻,TF,原材料,电子料,,,,,,,,,30,10000,1,
10.04.01.286,贴片电阻,TF,原材料,电子料,,,,,,,,,30,10000,1,
10.04.01.285,贴片电阻,TF,原材料,电子料,,,,,,,,,30,10000,1,
10.04.01.284,贴片电阻,TF,原材料,电子料,,,,,,,,,30,10000,1,
10.04.01.283,贴片电阻,TF,原材料,电子料,,,,,,,,,30,10000,1,
10.04.01.282,贴片电阻,TF,原材料,电子料,,,,,,,,,60,10000,1,
10.04.01.281,贴片电阻,TF,原材料,电子料,,,,,,,,,30,10000,1,
10.04.01.280,贴片电阻,TF,原材料,电子料,,,,,,,,,30,10000,1,
10.04.01.279,贴片电阻,TF,原材料,电子料,,,,,,,,,30,10000,1,
10.04.01.278,贴片电阻,TF,原材料,电子料,,,,,,,,,30,10000,1,
10.04.01.277,贴片电阻,TF,原材料,电子料,,,,,,,,,30,10000,1,
10.04.01.276,贴片电阻,TF,原材料,电子料,,,,,,,,,30,10000,1,
10.04.01.275,贴片电阻,TF,原材料,电子料,,,,,,,,,30,10000,1,
10.04.01.274,贴片电阻,TF,原材料,电子料,,,,,,,,,30,10000,1,
10.04.01.273,贴片电阻,TF,原材料,电子料,,,,,,,,,30,10000,1,
10.04.01.272,贴片电阻,TF,原材料,电子料,,,,,,,,,30,10000,1,
10.04.01.271,贴片电阻,TF,原材料,电子料,,,,,,,,,30,10000,1,
10.04.01.270,贴片电阻,TF,原材料,电子料,,,,,,,,,30,10000,1,
10.04.01.269,贴片电阻,TF,原材料,电子料,,,,,,,,,60,10000,1,
10.04.01.268,贴片电阻,TF,原材料,电子料,,,,,,,,,60,10000,1,
10.04.01.267,贴片电阻,TF,原材料,电子料,,,,,,,,,30,10000,1,
10.04.01.266,贴片电阻,TF,原材料,电子料,,,,,,,,,30,10000,1,
10.04.01.260,贴片电阻,TF,原材料,电子料,,,,,,,,,30,0,1,
10.04.01.259,贴片电阻,TF,原材料,电子料,,,,,,,,,30,0,1,
10.04.01.258,贴片电阻,TF,原材料,电子料,,,,,,,,,60,10000,1,
10.04.01.256,贴片电阻,TF,原材料,电子料,,,,,,,,,30,10000,1,
10.04.01.255,精密可调电阻,TF,原材料,电子料,,,,,,,,,30,100,1,
10.04.01.252,贴片电阻,TF,原材料,电子料,,,,,,,,,30,10000,1,
10.04.01.249,贴片电阻,TF,原材料,电子料,,,,,,,,,60,15000,1,
10.04.01.248,贴片电阻,TF,原材料,电子料,,,,,,,,,30,15000,1,
10.04.01.247,贴片电阻,TF,原材料,电子料,,,,,,,,,30,15000,1,
10.04.01.246,贴片电阻,TF,原材料,电子料,,,,,,,,,30,15000,1,
10.04.01.242,贴片电阻,TF,原材料,电子料,,,,,,,,,30,10000,1,
10.04.01.241,贴片电阻,TF,原材料,电子料,,,,,,,,,30,10000,1,
10.04.01.239,贴片电阻,TF,原材料,电子料,,,,,,,,,30,10000,1,
10.04.01.236,贴片电阻,TF,原材料,电子料,,,,,,,,,30,5000,1,
10.04.01.229,贴片电阻,TF,原材料,电子料,,,,,,,,,30,0,1,
10.04.01.225,贴片电阻,TF,原材料,电子料,,,,,,,,,30,10000,1,
10.04.01.224,贴片电阻,TF,原材料,电子料,,,,,,,,,30,0,1,
10.04.01.221,贴片电阻,TF,原材料,电子料,,,,,,,,,30,10000,1,
10.04.01.219,贴片电阻,TF,原材料,电子料,,,,,,,,,30,10000,1,
10.04.01.217,贴片电阻,TF,原材料,电子料,,,,,,,,,30,10000,1,
10.04.01.216,贴片电阻,TF,原材料,电子料,,,,,,,,,30,10000,1,
10.04.01.215,贴片电阻,TF,原材料,电子料,,,,,,,,,30,10000,1,
10.04.01.206,贴片电阻,TF,原材料,电子料,,,,,,,,,30,10000,1,
10.04.01.204,贴片电阻,TF,原材料,电子料,,,,,,,,,30,10000,1,
10.04.01.203,贴片电阻,TF,原材料,电子料,,,,,,,,,30,10000,1,
10.04.01.198,贴片电阻,TF,原材料,电子料,,,,,,,,,30,10000,1,
10.04.01.185,贴片电阻,TF,原材料,电子料,,,,,,,,,30,10000,1,
10.04.01.183,贴片电阻,TF,原材料,电子料,,,,,,,,,30,10000,1,
10.04.01.182,贴片电阻,TF,原材料,电子料,,,,,,,,,30,10000,1,
10.04.01.180,压敏电阻,TF,原材料,电子料,,,,,,,,,30,1000,1,
10.04.01.179,贴片电阻,TF,原材料,电子料,,,,,,,,,30,10000,1,
10.04.01.178,贴片电阻,TF,原材料,电子料,,,,,,,,,30,10000,1,
10.04.01.176,贴片电阻,TF,原材料,电子料,,,,,,,,,30,10000,1,
10.04.01.175,贴片电阻,TF,原材料,电子料,,,,,,,,,30,10000,1,
10.04.01.174,贴片电阻,TF,原材料,电子料,,,,,,,,,30,10000,1,
10.04.01.173,贴片电阻,TF,原材料,电子料,,,,,,,,,30,10000,1,
10.04.01.172,贴片电阻,TF,原材料,电子料,,,,,,,,,30,10000,1,
10.04.01.171,贴片电阻,TF,原材料,电子料,,,,,,,,,30,10000,1,
10.04.01.169,贴片电阻,TF,原材料,电子料,,,,,,,,,30,10000,1,
10.04.01.168,贴片电阻,TF,原材料,电子料,,,,,,,,,30,10000,1,
10.04.01.167,贴片电阻,TF,原材料,电子料,,,,,,,,,30,10000,1,
10.04.01.166,贴片电阻,TF,原材料,电子料,,,,,,,,,30,10000,1,
10.04.01.159,贴片电阻,TF,原材料,电子料,,,,,,,,,30,10000,1,
10.04.01.156,贴片电阻,TF,原材料,电子料,,,,,,,,,30,10000,1,
10.04.01.151,贴片电阻,TF,原材料,电子料,,,,,,,,,30,10000,1,
10.04.01.146,贴片电阻,TF,原材料,电子料,,,,,,,,,30,10000,1,
10.04.01.139,贴片电阻,TF,原材料,电子料,,,,,,,,,30,10000,1,
10.04.01.137,贴片电阻,TF,原材料,电子料,,,,,,,,,30,10000,1,
10.04.01.135,贴片电阻,TF,原材料,电子料,,,,,,,,,30,10000,1,
10.04.01.130,贴片电阻,TF,原材料,电子料,,,,,,,,,30,10000,1,
10.04.01.129,贴片电阻,TF,原材料,电子料,,,,,,,,,30,5000,1,
10.04.01.123,贴片电阻,TF,原材料,电子料,,,,,,,,,30,5000,1,
10.04.01.108,贴片电阻,TF,原材料,电子料,,,,,,,,,30,10000,1,
10.04.01.020,贴片电阻,TF,原材料,电子料,,,,,,,,,30,10000,1,
10.04.01.015,贴片电阻,TF,原材料,电子料,,,,,,,,,30,10000,1,
10.04.01.012,贴片电阻,TF,原材料,电子料,,,,,,,,,30,10000,1,
10.04.01.010,贴片电阻,TF,原材料,电子料,,,,,,,,,30,10000,1,
10.04.01.007,贴片电阻,TF,原材料,电子料,,,,,,,,,30,10000,1,
10.04.01.005,贴片电阻,TF,原材料,电子料,,,,,,,,,30,10000,1,
10.04.01.004,贴片电阻,TF,原材料,电子料,,,,,,,,,30,10000,1,
10.04.01.002,贴片电阻,TF,原材料,电子料,,,,,,,,,30,5000,1,
10.04.01.001,贴片电阻,TF,原材料,电子料,,,,,,,,,30,10000,1,
10.03.02.376,TF02-Pro后盖,TF,原材料,结构件,,,,,,,,,21,2500,1,
10.03.02.351,,TF,原材料,结构件,,,,,,,,,30,100,1,
10.03.02.350,雷达俯装防雨罩,TF,原材料,结构件,,,,,,,,,30,200,1,
10.03.02.350,雷达俯装防雨罩,TF,原材料,结构件,,,,,,,,,30,200,1,
10.03.02.349,雷达万向节转接板,TF,原材料,结构件,,,,,,,,,30,200,1,
10.03.02.349,雷达万向节转接板,TF,原材料,结构件,,,,,,,,,30,200,1,
10.03.02.342,下壳-X2 Pro V1.6,TF,原材料,结构件,,,,,,,,,45,250,1,
10.03.02.341,上壳-X2 Pro V1.6,TF,原材料,结构件,,,,,,,,,45,250,1,
10.03.02.332,Horn-JXH 上盖,TF,原材料,结构件,,,,,,,,,30,100,1,
10.03.02.331,Horn-JXH 下盖,TF,原材料,结构件,,,,,,,,,30,100,1,
10.03.02.329,TF03-MT滤光片,TF,原材料,结构件,,,,,,,,,30,200,1,
10.03.02.325,激光器-V3.0,TF,原材料,结构件,,,,,,,,,70,100,1,
10.03.02.322,TF02-Pro-W泡棉,TF,原材料,结构件,,,,,,,,,21,100,1,
10.03.02.321,TF02-Pro-W舵机,TF,原材料,结构件,,,,,,,,,30,1000,1,
10.03.02.301,接收透镜-模压,TF,原材料,结构件,,,,,,,,,45,1000,1,
10.03.02.299,支撑架HC-V1.6,TF,原材料,结构件,,,,,,,,,45,250,1,
10.03.02.298,骨架-V1.6,TF,原材料,结构件,,,,,,,,,45,250,1,
10.03.02.297,下壳-V1.6,TF,原材料,结构件,,,,,,,,,45,250,1,
10.03.02.296,上壳-V1.6,TF,原材料,结构件,,,,,,,,,45,250,1,
10.03.02.293,橡胶护线圈,TF,原材料,结构件,,,,,,,,,10,10,1,
10.03.02.292,尼龙直通管圆形隔离柱,TF,原材料,结构件,,,,,,,,,10,10,1,
10.03.02.291,铝合金外壳,TF,原材料,结构件,,,,,,,,,21,100,1,
10.03.02.290,泡棉,TF,原材料,结构件,,,,,,,,,21,1000,1,
10.03.02.289,转接板,TF,原材料,结构件,,,,,,,,,21,50,1,
10.03.02.288,前盖,TF,原材料,结构件,,,,,,,,,21,50,1,
10.03.02.287,TF-Luna-M外壳模组,TF,原材料,结构件,,,,,,,,,30,3000,1,
10.03.02.285,Horn-JXH 上盖,TF,原材料,结构件,,,,,,,,,30,5,1,
10.03.02.284,Horn-JXH 下盖,TF,原材料,结构件,,,,,,,,,30,5,1,
10.03.02.283,底面薄片-X2 Pro V1.6,TF,原材料,结构件,,,,,,,,,45,250,1,
10.03.02.282,下壳-X2 Pro V1.6,TF,原材料,结构件,,,,,,,,,45,250,1,
10.03.02.281,上壳-X2 Pro V1.6,TF,原材料,结构件,,,,,,,,,45,250,1,
10.03.02.280,弹簧顶针,TF,原材料,结构件,,,,,,,,,10,1,1,
10.03.02.279,套管,TF,原材料,结构件,,,,,,,,,10,50,1,
10.03.02.278,指示光电源盖,TF,原材料,结构件,,,,,,,,,30,1,1,
10.03.02.277,指示光支架,TF,原材料,结构件,,,,,,,,,30,1,1,
10.03.02.276,TF03转接块,TF,原材料,结构件,,,,,,,,,1,1,1,
10.03.02.275,六面棱镜,TF,原材料,结构件,,,,,,,,,180,1000,1,
10.03.02.273,骨架-V1.6,TF,原材料,结构件,,,,,,,,,45,250,1,
10.03.02.272,TF03后壳-M9螺纹,TF,原材料,结构件,,,,,,,,,30,3000,1,
10.03.02.269,屏蔽罩,TF,原材料,结构件,,,,,,,,,20,500,1,
10.03.02.268,屏蔽座,TF,原材料,结构件,,,,,,,,,20,500,1,
10.03.02.267,屏蔽罩,TF,原材料,结构件,,,,,,,,,20,500,1,
10.03.02.266,白硅胶O型密封圈,TF,原材料,结构件,,,,,,,,,21,1000,1,
10.03.02.265,TF350透镜,TF,原材料,结构件,,,,,,,,,30,1000,1,
10.03.02.264,TF350后壳,TF,原材料,结构件,,,,,,,,,30,100,1,
10.03.02.263,TF350窗口片,TF,原材料,结构件,,,,,,,,,30,1000,1,
10.03.02.262,TF350基准筒,TF,原材料,结构件,,,,,,,,,30,1000,1,
10.03.02.261,TF350镜座,TF,原材料,结构件,,,,,,,,,30,1000,1,
10.03.02.260,TF350前壳,TF,原材料,结构件,,,,,,,,,30,100,1,
10.03.02.259,振镜带驱动板-V1.6,TF,原材料,结构件,,,,,,,,,60,100,1,
10.03.02.258,激光器-V1.6,TF,原材料,结构件,,,,,,,,,70,100,1,
10.03.02.257,激光器压片-V1.6,TF,原材料,结构件,,,,,,,,,30,500,1,
10.03.02.256,弹簧,TF,原材料,结构件,,,,,,,,,10,10,1,
10.03.02.255,弹簧,TF,原材料,结构件,,,,,,,,,10,10,1,
10.03.02.254,准直器反射镜-V1.6,TF,原材料,结构件,,,,,,,,,45,250,1,
10.03.02.253,分光镜-V1.6,TF,原材料,结构件,,,,,,,,,45,250,1,
10.03.02.252,带孔反射镜-V1.6,TF,原材料,结构件,,,,,,,,,45,250,1,
10.03.02.250,光阑1-V1.6,TF,原材料,结构件,,,,,,,,,45,250,1,
10.03.02.245,底面薄片-V1.6,TF,原材料,结构件,,,,,,,,,45,250,1,
10.03.02.243,支撑架HC-V1.6,TF,原材料,结构件,,,,,,,,,45,250,1,
10.03.02.242,下壳-V1.6,TF,原材料,结构件,,,,,,,,,45,250,1,
10.03.02.241,上壳-V1.6,TF,原材料,结构件,,,,,,,,,45,250,1,
10.03.02.236,密封圈,TF,原材料,结构件,,,,,,,,,10,10,1,
10.03.02.235,X2-pro-窗口镜,TF,原材料,结构件,,,,,,,,,45,250,1,
10.03.02.234,X2-pro-底板,TF,原材料,结构件,,,,,,,,,45,250,1,
10.03.02.233,X2-pro-下壳,TF,原材料,结构件,,,,,,,,,45,250,1,
10.03.02.232,X2-pro-上壳,TF,原材料,结构件,,,,,,,,,45,250,1,
10.03.02.231,TFmini-i红透镜片,TF,原材料,结构件,,,,,,,,,30,1000,1,
10.03.02.230,TFmini-i前壳,TF,原材料,结构件,,,,,,,,,21,2500,1,
10.03.02.229,TFmini-i后壳,TF,原材料,结构件,,,,,,,,,21,2500,1,
10.03.02.228,硅胶O型圈,TF,原材料,结构件,,,,,,,,,21,1000,1,
10.03.02.227,TF02-i后壳,TF,原材料,结构件,,,,,,,,,30,3000,1,
10.03.02.226,滤光片,TF,原材料,结构件,,,,,,,,,35,100,1,
10.03.02.223,风扇（带线）,TF,原材料,结构件,,,,,,,,,30,100,1,
10.03.02.222,TFmini-S-A外壳组件,TF,原材料,结构件,,,,,,,,,30,3000,1,
10.03.02.221,准直器外壳,TF,原材料,结构件,,,,,,,,,45,250,1,
10.03.02.219,风扇（带线）,TF,原材料,结构件,,,,,,,,,30,100,1,
10.03.02.218,密封条,TF,原材料,结构件,,,,,,,,,21,100,1,
10.03.02.217,振镜带驱动板,TF,原材料,结构件,,,,,,,,,60,100,1,
10.03.02.216,六面棱镜电机(带线缆),TF,原材料,结构件,,,,,,,,,180,1000,1,
10.03.02.215,激光器(中),TF,原材料,结构件,,,,,,,,,70,100,1,
10.03.02.214,滤光片,TF,原材料,结构件,,,,,,,,,35,100,1,
10.03.02.213,窗口镜,TF,原材料,结构件,,,,,,,,,45,250,1,
10.03.02.212,分光镜,TF,原材料,结构件,,,,,,,,,1,1,1,
10.03.02.211,带孔反射镜,TF,原材料,结构件,,,,,,,,,30,250,1,
10.03.02.210,接收透镜,TF,原材料,结构件,,,,,,,,,45,300,1,
10.03.02.209,线缆压板,TF,原材料,结构件,,,,,,,,,20,500,1,
10.03.02.208,屏蔽罩,TF,原材料,结构件,,,,,,,,,20,500,1,
10.03.02.207,屏蔽座,TF,原材料,结构件,,,,,,,,,20,500,1,
10.03.02.206,导热块-V1.5-W,TF,原材料,结构件,,,,,,,,,45,250,1,
10.03.02.205,航插板固定柱-V1.5-W,TF,原材料,结构件,,,,,,,,,45,250,1,
10.03.02.202,光纤架-V1.5-W,TF,原材料,结构件,,,,,,,,,45,250,1,
10.03.02.201,底面薄片-V1.5-W,TF,原材料,结构件,,,,,,,,,45,250,1,
10.03.02.199,光纤转接座-V1.5-W,TF,原材料,结构件,,,,,,,,,45,250,1,
10.03.02.196,接收座2-V1.5-W,TF,原材料,结构件,,,,,,,,,45,250,1,
10.03.02.195,接收座1-V1.5-W,TF,原材料,结构件,,,,,,,,,45,250,1,
10.03.02.194,支撑架HC-V1.5-W,TF,原材料,结构件,,,,,,,,,45,250,1,
10.03.02.193,下盖-V1.5-W,TF,原材料,结构件,,,,,,,,,45,250,1,
10.03.02.192,上壳-V1.5-W,TF,原材料,结构件,,,,,,,,,45,250,1,
10.03.02.189,TF03前壳（无LOGO）,TF,原材料,结构件,,,,,,,,,30,3000,1,
10.03.02.180,LD屏蔽罩,TF,原材料,结构件,,,,,,,,,30,5000,1,
10.03.02.179,前壳,TF,原材料,结构件,,,,,,,,,30,3000,1,
10.03.02.178,滤光片,TF,原材料,结构件,,,,,,,,,35,1000,1,
10.03.02.177,APD屏蔽罩,TF,原材料,结构件,,,,,,,,,30,3000,1,
10.03.02.171,屏蔽罩,TF,原材料,结构件,,,,,,,,,30,5000,1,
10.03.02.170,TFmini-Plus-L-2400后壳,TF,原材料,结构件,,,,,,,,,30,1000,1,
10.03.02.169,TF02-Pro密封条,TF,原材料,结构件,,,,,,,,,21,1000,1,
10.03.02.168,TF-luna外壳模组,TF,原材料,结构件,,,,,,,,,30,5000,1,
10.03.02.167,TF02-Pro亚克力面板,TF,原材料,结构件,,,,,,,,,30,1000,1,
10.03.02.166,TF02-Pro亚克力面板,TF,原材料,结构件,,,,,,,,,30,1000,1,
10.03.02.164,TF02-Pro接收组件,TF,原材料,结构件,,,,,,,,,30,1000,1,
10.03.02.163,TF02-Pro发射组件,TF,原材料,结构件,,,,,,,,,30,3000,1,
10.03.02.161,TF02-Pro外壳,TF,原材料,结构件,,,,,,,,,21,2500,1,
10.03.02.160,TFmini-S-R外壳组件,TF,原材料,结构件,,,,,,,,,30,3000,1,
10.03.02.159,TFmini-S外壳组件,TF,原材料,结构件,,,,,,,,,30,3000,1,
10.03.02.158,屏蔽罩(收),TF,原材料,结构件,,,,,,,,,30,5000,1,
10.03.02.146,TFmini-P-D上壳组件,TF,原材料,结构件,,,,,,,,,30,1000,1,
10.03.02.133,镜筒模组,TF,原材料,结构件,,,,,,,,,30,5000,1,
10.03.02.132,红硅胶O型圈,TF,原材料,结构件,,,,,,,,,21,1000,1,
10.03.02.131,红硅胶O型圈,TF,原材料,结构件,,,,,,,,,21,1000,1,
10.03.02.130,APD背部屏蔽罩,TF,原材料,结构件,,,,,,,,,30,3000,1,
10.03.02.129,APD屏蔽罩,TF,原材料,结构件,,,,,,,,,30,100,1,
10.03.02.128,LD屏蔽罩,TF,原材料,结构件,,,,,,,,,30,100,1,
10.03.02.127,前端泡棉,TF,原材料,结构件,,,,,,,,,21,1000,1,
10.03.02.125,TF03后壳,TF,原材料,结构件,,,,,,,,,30,200,1,
10.03.02.124,TF03前壳,TF,原材料,结构件,,,,,,,,,30,200,1,
10.03.02.120,红透玻璃面板,TF,原材料,结构件,,,,,,,,,35,500,1,
10.03.02.119,接收红透面板,TF,原材料,结构件,,,,,,,,,30,250,1,
10.03.02.118,密封圈,TF,原材料,结构件,,,,,,,,,21,1000,1,
10.03.02.116,TF02-W舵机,TF,原材料,结构件,,,,,,,,,30,1000,1,
10.03.02.115,TF02-W密封条,TF,原材料,结构件,,,,,,,,,21,100,1,
10.03.02.114,TF02-W泡棉,TF,原材料,结构件,,,,,,,,,21,1000,1,
10.03.02.113,TF02-W玻璃-大,TF,原材料,结构件,,,,,,,,,35,100,1,
10.03.02.112,TF02-W玻璃-小,TF,原材料,结构件,,,,,,,,,35,100,1,
10.03.02.111,TF02-W雨刷,TF,原材料,结构件,,,,,,,,,30,100,1,
10.03.02.110,TF02-W后盖,TF,原材料,结构件,,,,,,,,,30,100,1,
10.03.02.109,TF02-W外壳,TF,原材料,结构件,,,,,,,,,30,100,1,
10.03.02.108,TF02-W摇臂,TF,原材料,结构件,,,,,,,,,30,100,1,
10.03.02.107,TFmini-RTE-850nm红透亚克力镜片,TF,原材料,结构件,,,,,,,,,30,1000,1,
10.03.02.100,850nm滤波片,TF,原材料,结构件,,,,,,,,,30,100,1,
10.03.02.072,前壳,TF,原材料,结构件,,,,,,,,,30,1000,1,
10.03.02.071,发射透镜,TF,原材料,结构件,,,,,,,,,30,3000,1,
10.03.02.064,后壳,TF,原材料,结构件,,,,,,,,,30,1000,1,
10.03.02.048,TF02-i外壳,TF,原材料,结构件,,,,,,,,,30,3000,1,
10.02.05.014,304不锈钢螺母,TF,原材料,螺母,,,,,,,,,30,10,1,
10.02.05.013,螺柱,TF,原材料,螺母,,,,,,,,,21,500,1,
10.02.05.012,螺柱,TF,原材料,螺母,,,,,,,,,21,500,1,
10.02.05.011,红钢纸垫片,TF,原材料,螺母,,,,,,,,,10,1000,1,
10.02.05.010,平垫,TF,原材料,螺母,,,,,,,,,10,50,1,
10.02.05.009,贴片螺母,TF,原材料,螺母,,,,,,,,,21,500,1,
10.02.05.008,螺柱,TF,原材料,螺母,,,,,,,,,21,500,1,
10.02.03.012,测距模块,TF,原材料,模组,,,,,,,,,45,100,1,
10.02.03.011,480P中短距相机,TF,原材料,模组,,,,,,,,,15,1,1,
10.02.03.010,M12镜头,TF,原材料,模组,,,,,,,,,15,1,1,
10.02.03.009,480P工业相机,TF,原材料,模组,,,,,,,,,15,1,1,
10.02.03.008,200万高清摄像头,TF,原材料,模组,,,,,,,,,15,1,1,
10.02.03.007,毫米波,TF,原材料,模组,,,,,,,,,15,10,1,
10.02.03.006,毫米波,TF,原材料,模组,,,,,,,,,15,50,1,
10.02.03.005,毫米波,TF,原材料,模组,,,,,,,,,15,10,1,
10.02.03.004,毫米波,TF,原材料,模组,,,,,,,,,15,10,1,
10.02.03.003,毫米波,TF,原材料,模组,,,,,,,,,15,10,1,
10.02.03.002,毫米波,TF,原材料,模组,,,,,,,,,15,50,1,
10.02.03.001,毫米波,TF,原材料,模组,,,,,,,,,15,10,1,
10.02.02.019,TS01_自攻螺钉,TF,原材料,螺钉,,,,,,,,,30,5000,1,
10.02.02.019,TS01_自攻螺钉,TF,原材料,螺钉,,,,,,,,,30,5000,1,
10.02.02.018,圆头平尾自攻螺钉,TF,原材料,螺钉,,,,,,,,,30,100,1,
10.02.02.017,十字槽圆头自攻螺钉,TF,原材料,螺钉,,,,,,,,,30,1000,1,
10.02.02.016,十字槽平头自攻螺钉,TF,原材料,螺钉,,,,,,,,,30,3000,1,
10.02.02.015,十字槽圆头自攻螺钉,TF,原材料,螺钉,,,,,,,,,30,5000,1,
10.02.02.014,十字槽盘头自攻螺钉,TF,原材料,螺钉,,,,,,,,,30,3000,1,
10.02.02.013,十字槽盘头自攻螺钉,TF,原材料,螺钉,,,,,,,,,30,10000,1,
10.02.02.012,十字槽盘头带垫自攻螺钉,TF,原材料,螺钉,,,,,,,,,30,5000,1,
10.02.02.011,十字槽盘头自攻螺钉,TF,原材料,螺钉,,,,,,,,,30,1,1,
10.02.02.010,十字槽盘头自攻螺钉,TF,原材料,螺钉,,,,,,,,,30,500,1,
10.02.02.008,十字槽盘头自攻螺钉,TF,原材料,螺钉,,,,,,,,,30,3000,1,
10.02.02.001,十字槽盘头自攻螺钉,TF,原材料,螺钉,,,,,,,,,30,3000,1,
10.02.01.067,内十字圆头螺钉,TF,原材料,螺钉,,,,,,,,,30,3000,1,
10.02.01.067,内十字圆头螺钉,TF,原材料,螺钉,,,,,,,,,30,3000,1,
10.02.01.064,M2.5*10内六角杯头组合螺钉,TF,原材料,螺钉,,,,,,,,,30,1000,1,
10.02.01.064,M2.5*10内六角杯头组合螺钉,TF,原材料,螺钉,,,,,,,,,30,1000,1,
10.02.01.063,内六角组合螺钉,TF,原材料,螺钉,,,,,,,,,30,400,1,
10.02.01.063,内六角组合螺钉,TF,原材料,螺钉,,,,,,,,,30,400,1,
10.02.01.062,内六角圆柱头螺钉,TF,原材料,螺钉,,,,,,,,,30,1,1,
10.02.01.061,304不锈钢十字盘头螺钉,TF,原材料,螺钉,,,,,,,,,30,10,1,
10.02.01.059,杯头内六角组合钉,TF,原材料,螺钉,,,,,,,,,30,100,1,
10.02.01.058,内六角顶丝,TF,原材料,螺钉,,,,,,,,,30,500,1,
10.02.01.057,十字槽沉头螺钉,TF,原材料,螺钉,,,,,,,,,30,50,1,
10.02.01.056,顶丝,TF,原材料,螺钉,,,,,,,,,10,1,1,
10.02.01.055,内六角圆柱头螺钉,TF,原材料,螺钉,,,,,,,,,30,1000,1,
10.02.01.054,内六角顶丝,TF,原材料,螺钉,,,,,,,,,30,500,1,
10.02.01.053,内六角圆柱头螺钉,TF,原材料,螺钉,,,,,,,,,30,1000,1,
10.02.01.051,内六角圆柱头螺钉,TF,原材料,螺钉,,,,,,,,,30,1000,1,
10.02.01.050,内六角圆柱头螺钉,TF,原材料,螺钉,,,,,,,,,30,1000,1,
10.02.01.049,内六角组合螺钉,TF,原材料,螺钉,,,,,,,,,30,1000,1,
10.02.01.048,内六角圆柱头螺钉,TF,原材料,螺钉,,,,,,,,,30,1000,1,
10.02.01.047,内梅花圆头螺钉,TF,原材料,螺钉,,,,,,,,,30,1000,1,
10.02.01.046,十字槽盘头螺钉,TF,原材料,螺钉,,,,,,,,,30,1000,1,
10.02.01.045,梅花槽圆柱头螺钉,TF,原材料,螺钉,,,,,,,,,30,1000,1,
10.02.01.044,内六角圆柱头螺钉,TF,原材料,螺钉,,,,,,,,,30,1000,1,
10.02.01.043,内六角组合螺钉,TF,原材料,螺钉,,,,,,,,,30,1000,1,
10.02.01.042,内六角圆柱头螺丝,TF,原材料,螺钉,,,,,,,,,30,1000,1,
10.02.01.041,十字槽盘头螺钉,TF,原材料,螺钉,,,,,,,,,30,200,1,
10.02.01.041,十字槽盘头螺钉,TF,原材料,螺钉,,,,,,,,,30,200,1,
10.02.01.040,十字槽盘头螺钉,TF,原材料,螺钉,,,,,,,,,30,5000,1,
10.02.01.039,十字槽沉头螺钉,TF,原材料,螺钉,,,,,,,,,30,500,1,
10.02.01.038,十字槽盘头螺钉,TF,原材料,螺钉,,,,,,,,,30,5000,1,
10.02.01.037,十字槽盘头螺钉,TF,原材料,螺钉,,,,,,,,,30,3000,1,
10.02.01.034,十字槽小盘头螺钉,TF,原材料,螺钉,,,,,,,,,30,3000,1,
10.02.01.024,十字槽盘头螺钉,TF,原材料,螺钉,,,,,,,,,30,100,1,
10.02.01.022,十字槽盘头螺钉,TF,原材料,螺钉,,,,,,,,,30,150,1,